"Marketplace / Product";"ASIN";"SKU";"Units";"Refunds";"Sales";"Promo";"Ads";"Sponsored products (PPC)";"Sponsored Display";"Sponsored brands (HSA)";"Sponsored Brands Video";"Google ads";"Facebook ads";"% Refunds";"Sellable Quota";"Refund сost";"Amazon fees";"Cost of Goods";"VAT";"Shipping";"Gross profit";"Net profit";"Estimated payout";"Expenses";"Margin";"ROI";"BSR";"Real ACOS";"Sessions";"Unit Session Percentage";"Average Sales Price"
"Amazon.de";"";"";"401";"11";"12 544,24";"-91,44";"-1 771,31";"-1 771,31";"";"";"";"";"";"2,74";"31,25";"-311,58";"-3 804,09";"-2 842,96";"-1 930,64";"-97,96";"1 691,83";"1 476,83";"6 478,5";"-215";"11,77";"51,95";"415 050";"14,12";"7 243";"5,54";"31,28"
"Northstar Wikinger krug für Bier 0,6 Liter | Bierkrug für Männer | Becher | Maßkrug | Bier Geschenk | Geschenkideen für Männer, Geschenk Vatertag (Braun) COG: 7,44 / Price: 42,16";"B0BRSMB6M9";"BMT003";"48";"1";"1 878,3";"-1,98";"-614,79";"-614,79";"";"";"";"";"";"2,08";"75";"-33,26";"-441,09";"-386,88";"-294,79";"-8,49";"97,02";"97,02";"748,93";"";"5,17";"25,08";"26 004";"32,73";"1 288";"3,73";"39,13"
"Northstar Wikinger Becher 0.6 L Eichenholz Braun - Mittelalter Becher für Bier Tankard Bierkrug Mit Gravur Thors Hammer Runen Ideales Bier Geschenk Maßkrug Holzbecher Vatertagsgeschenk für Papa COG: 7,59 / Price: 31,31";"B0CN1J44VC";"BM0010";"28";"1";"837,06";"-4,38";"-145,61";"-145,61";"";"";"";"";"";"3,57";"";"-36,02";"-218,19";"-220,11";"-127,34";"-7,04";"78,37";"78,37";"427,12";"";"9,36";"35,60";"26 004";"17,40";"641";"4,37";"29,90"
"Northstar Steak Brett Servierbrett Holz Eichenholz 35x25cm Groß - Steak Servierplatte Vesperbrett/Steakbrett Schneidebrett mit Kante/Holzbrett Küche/Holz Bretter & Küchen Utensilien aus Massivholz COG: 4,73 / Price: 21,37";"B08YKGCV8F";"KB0002";"27";"";"656,96";"-25,05";"-6,54";"-6,54";"";"";"";"";"";"";"-";"";"-200,33";"-127,71";"-95,97";"-2,34";"199,02";"199,02";"422,7";"";"30,29";"155,84";"322 734";"1,00";"191";"14,14";"24,33"
"MyFancyCraft LUKRA Bierbecher aus Eichenholz, handgefertigt, Edelstahlbecher, natürlich und umweltfreundlich, 0,6 l, 20 Unzen Barrel Brown COG: 6,54 / Price: 28,99";"B01LNOBGRM";"3I-GOR9-I5Y7";"26";"";"756,93";"-5,8";"-171,67";"-171,67";"";"";"";"";"";"";"-";"";"-227,44";"-183,12";"-120,98";"-1,62";"46,30";"46,30";"337,32";"";"6,12";"25,28";"116 571";"22,68";"440";"5,91";"29,11"
"Handgefertigter Bierkrug aus Eichenholz Edelstahl Tasse Natürlich Umweltfreundlich 0,6 Liter 20 Unzen Krug Retro braun COG: 6,59 / Price: 28,99";"B01LYB4PKO";"69-YT0R-2WCS";"25";"2";"743,5";"-7,3";"-126,92";"-126,92";"";"";"";"";"";"8,00";"50";"-44,43";"-221,5";"-164,75";"-111,20";"-13,21";"54,19";"54,19";"323,55";"";"7,29";"32,89";"138 176";"17,07";"493";"5,07";"29,74"
"Northstar Steak Brett Servierbrett Holz XXL Eichenholz 40x30cm Extragroß - Steak Servierplatte/Steakbrett Schneidebrett aus Massivholz Gross/Holzbrett Küche/Holz Bretter & Küchen Utensilien COG: 6 / Price: 26,16";"B09RX2WX88";"KB0003";"21";"";"578,61";"-19,03";"-2,55";"-2,55";"";"";"";"";"";"";"-";"";"-214,36";"-126";"-89,55";"";"127,12";"127,12";"342,67";"";"21,97";"100,89";"322 734";"0,44";"116";"18,10";"27,55"
"Northstar Wikinger Tasse 0,6L – Holz Bierkrug mit Baum des Lebens Gravur – Bier Geschenk, Wikinger Kelch, Mittelalter Becher, Bierkrüge, Geschenk für Bierliebhaber, Vatertagsgeschenk COG: 7,01 / Price: 30,05";"B0CP2C594Q";"BMP0010";"20";"";"591,71";"-6,01";"-46,12";"-46,12";"";"";"";"";"";"";"-";"";"-171,47";"-147,21";"-94,99";"";"125,91";"125,91";"361,1";"";"21,28";"85,53";"26 004";"7,79";"490";"4,08";"29,59"
"Northstar Holz Telefon Dockingstation für Männer – Schreibtisch oder Nachttisch-Organizer Geburtstagsgeschenke für Männer Väter Vatertagsgeschenk für Papa Jubiläumsidee COG: 6,12 / Price: 29,4";"B0FGJXKQFB";"PP0013";"20";"";"602,41";"";"-145,43";"-145,43";"";"";"";"";"";"";"-";"";"-167,88";"-122,4";"-96,39";"-6,65";"61,23";"61,23";"280,02";"";"10,16";"50,02";"30 321";"24,14";"333";"6,01";"30,12"
"Northstar Wikinger krug für Bier 0,6 Liter | Bierkrug für Männer | Becher | Maßkrug | Bier Geschenk | Geschenkideen für Männer, Geschenk Vatertagsgeschenk für Papa COG: 6,98 / Price: 32,32";"B0CP2KD382";"BMP0011";"17";"";"503,83";"";"-16,92";"-16,92";"";"";"";"";"";"";"-";"";"-163,65";"-118,66";"-80,47";"-3,24";"120,89";"120,89";"320,02";"";"23,99";"101,88";"26 004";"3,36";"344";"4,94";"29,64"
"Northstar Holz Telefon Dockingstation & Schreibtisch Organizer mit Handyständer Beige für Büro Aufbewahrung & Organisation Tolle Geschenkideen für Männer Holz Männer Väter COG: 6,12 / Price: 34,4";"B08YJ5Y672";"PP0006";"15";"2";"518,62";"";"-99,56";"-99,56";"";"";"";"";"";"13,33";"";"-59,66";"-135,4";"-110,16";"-73,90";"-0,25";"39,69";"39,69";"205,39";"";"7,65";"36,03";"17 034";"19,20";"342";"4,39";"34,57"
"Northstar Holz Telefon Dockingstation Männer Schwarz - Schreibtisch Organizer Holz Handy Schlüssel Organizer Geschenk Mann Männer Geburtstag Handyständer Nachttisch Handy Zubehör COG: 6,12 / Price: 30,66";"B08YJLRHKX";"PP0004";"14";"";"413,77";"";"";"";"";"";"";"";"";"";"-";"";"-114,23";"-91,8";"-59,12";"-1,89";"146,73";"146,73";"291,53";"";"35,46";"159,84";"27 508";"";"191";"7,33";"29,56"
"Northstar Handy Dockingstation & Schreibtisch Organizer Holz mit Handyständer Braun für Büro Aufbewahrung Organisation Schöne Männer Geschenke Geburtstag Herren Weihnachten Vatertagsgeschenk für Papa COG: 6,12 / Price: 34,4";"B08YJR9HDL";"PP0005";"14";"1";"485,92";"";"-43,67";"-43,67";"";"";"";"";"";"7,14";"";"-29,39";"-115,79";"-97,92";"-74,17";"-1,68";"123,30";"123,30";"283,15";"";"25,37";"125,92";"17 034";"8,99";"253";"5,53";"34,71"
"Northstar Wikinger Tasse 0,6L – Holz Bierkrug mit Baum des Wolfspfoten Gravur – Bier Valentinstag Geschenke Männer Kelch Mittelalter Becher Bierkrüge Geschenk für Bierliebhaber Vatertagsgeschenk Braun COG: 7,01 / Price: 31,31";"B0CN6XQ611";"BMP0009";"14";"1";"417,91";"-2,92";"-22,87";"-22,87";"";"";"";"";"";"7,14";"50";"-26,44";"-136,26";"-112,16";"-62,92";"-2,10";"52,24";"52,24";"213,3";"";"12,50";"46,58";"26 004";"5,47";"344";"4,07";"29,85"
"Northstar Steak Brett Servierbrett Holz Eichenholz 30x20cm (Medium) - Steak Servierplatte/Steakbrett Schneidebrett aus Massivholz Massiv/Holzbrett Küche/Vesperbrett Holz & Küchen Utensilien COG: 3,5 / Price: 18,99";"B0B1DMS4YK";"KB0001";"13";"";"239,91";"-13,33";"-3,09";"-3,09";"";"";"";"";"";"";"-";"";"-124,26";"-24,5";"-30,62";"";"44,11";"44,11";"120,23";"";"18,39";"180,04";"322 734";"1,29";"88";"14,77";"18,45"
"Northstar Holz Gewehrhalter Wandhalterung, Wenge Hartholz, 19x13x4,5cm, 2er Set, Für Waffenaufbewahrung & Ausstellung, Langwaffen Halterung COG: 4,71 / Price: 27,8";"B09QMLXZ27";"ARBI01";"13";"";"369,94";"";"-43,31";"-43,31";"";"";"";"";"";"";"-";"";"-109,24";"-61,23";"-59,09";"-9,96";"87,11";"87,11";"207,43";"";"23,55";"142,27";"50 643";"11,71";"115";"11,30";"28,46"
"Northstar Holz Handyhalter & Dockingstation - Organizer für Brieftasche Schlüssel & Uhr Valentinstag Geschenkideen für Männer Jahrestagsgeschenk Geburtstagsgeschenk für Männer Vatertagsgeschenk für Papa COG: 6,36 / Price: 29,65";"B09PNKKS78";"PP0001GS";"13";"1";"387,69";"";"-111,91";"-111,91";"";"";"";"";"";"7,69";"-";"-19,51";"-119,26";"-89,04";"-57,58";"-4,19";"-13,80";"-13,80";"120,1";"";"-3,56";"-15,50";"27 508";"28,87";"257";"5,06";"29,82"
"Northstar Gun Rack Wall Mount Hold Up Displays Horizontal Gun Rack and Shotgun Hooks Store All Rifle Shotgun Real Hardwood Tree Metal Hooks (Wenge) COG: 5,85 / Price: 22,99";"B09QMK4HZF";"ARM0001";"13";"";"308,85";"-2,3";"-23,22";"-23,22";"";"";"";"";"";"";"-";"";"-93,94";"-76,05";"-48,95";"-8,38";"56,01";"56,01";"181,01";"";"18,14";"73,65";"93 466";"7,52";"74";"17,57";"23,76"
"Northstar 2er Set Holz Waffenhalterung Wand Braun Gewehr Wandhalterung 17x12x4,5 cm - Gewehrhalter Wand, Waffenhalter Langwaffen, Gewehr Halterung aus Hartholz für Waffenlagerung und Ausstellung COG: 4,48 / Price: 26,8";"B09J8W13DK";"UG-Y4LX-G244";"9";"";"235,2";"";"";"";"";"";"";"";"";"";"-";"";"-64,59";"-40,32";"-37,56";"";"92,73";"92,73";"170,61";"";"39,43";"229,99";"130 502";"";"79";"11,39";"26,13"
"Northstar Handy-Dockingstation aus Holz, Nachttisch-Organizer, Schreibtisch-Organizer für Ehemann, Geburtstagsgeschenke für Männer oder Vater, Idee für Jahrestag, Vatertagsgeschenk für Papa COG: 5,5 / Price: 30,4";"B0DHH7P6QQ";"73-EFLH-T6DR";"8";"";"248,93";"";"-5,17";"-5,17";"";"";"";"";"";"";"-";"";"-63,69";"-44";"-39,98";"-3,24";"92,85";"92,85";"176,83";"";"37,30";"211,02";"17 034";"2,08";"59";"13,56";"31,12"
"Northstar Handy-Dockingstation aus Holz mit Schublade, Nachttisch-Organizer, Schreibtisch-Organizer für Ehemann, Geburtstagsgeschenke für Männer oder Vater, Jahrestagsidee, Schlüsselhalter, Ständer, Uhr COG: 9,51 / Price: 39,8";"B0DQQCZGLP";"PPD007";"8";"";"309,39";"";"";"";"";"";"";"";"";"";"-";"";"-70,74";"-76,08";"-49,43";"-4,16";"108,98";"108,98";"234,49";"";"35,22";"143,24";"50 301";"";"83";"9,64";"38,67"
"Northstar Telefon-Dockingstation aus Holz mit Schublade – Nachttisch-Organizer – Schreibtisch-Organisator für Ehemann – Geburtstagsgeschenke für Männer, Papa, Geburtstagsidee, Schlüsselanhänger COG: 10,62 / Price: 41,8";"B0F2TDHQ83";"PPD006";"6";"";"252,78";"";"-20,18";"-20,18";"";"";"";"";"";"";"-";"";"-107,38";"-63,72";"-40,34";"-6,64";"14,52";"14,52";"118,58";"";"5,74";"22,79";"50 301";"7,98";"118";"5,08";"42,13"
"Northstar Männer Docking Station & Schreibtisch Organizer Holz mit Handyständer Schwarz für Büro Aufbewahrung & Organisation Geschenke aus Holz für Männer Herren Geschenke zu Geburtstag Valentinstag COG: 6,12 / Price: 34,4";"B09FSZYGB4";"PP0007";"6";"";"203,4";"-3,34";"-28,8";"-28,8";"";"";"";"";"";"";"-";"";"-70,32";"-36,72";"-31,92";"";"32,30";"32,30";"100,94";"";"15,88";"87,96";"85 084";"14,16";"130";"4,62";"33,90"
"Northstar Handy-Dockingstation aus Holz mit Schublade, Nachttisch-Organizer, Schreibtisch-Organizer für Ehemann, Geburtstagsgeschenke für Männer, Vater, Jahrestagsidee, Schlüsselhalter, Ständer, Uhr und COG: 10,62 / Price: 40,8";"B0F2T5SPFZ";"PPD004";"5";"";"207,99";"";"-14,45";"-14,45";"";"";"";"";"";"";"-";"";"-83,24";"-63,72";"-33,19";"-3,32";"10,07";"10,07";"96,36";"";"4,84";"15,80";"50 301";"6,95";"98";"5,10";"41,60"
"Holzsteakbrett 30 x 20 Massiv Eiche Servier Grillplatte Naturdicke Schneidplatte - Langlebig & Qualität (Small) COG: 8,85 / Price: 18,59";"B07QS323RP";"5L-OS15-NL0S";"5";"";"92,95";"";"";"";"";"";"";"";"";"";"-";"";"-31,02";"-44,25";"-14,85";"";"2,83";"2,83";"61,93";"";"3,04";"6,40";"322 734";"";"34";"14,71";"18,59"
"Northstar Handy-Dockingstation aus Holz mit Schublade, Nachttisch-Organizer, Schreibtisch-Organizer für Ehemann, Geburtstagsgeschenke für Männer, Vater, Jahrestagsidee, Schlüsselhalter, Ständer, Uhr und COG: 10,62 / Price: 41,8";"B0F2T8BPK5";"PPD005";"3";"";"126,39";"";"-32,36";"-32,36";"";"";"";"";"";"";"";"-10,62";"-50,95";"-42,48";"-20,17";"-3,32";"-33,51";"-33,51";"29,14";"";"-26,51";"-78,88";"50 301";"25,60";"141";"2,13";"42,13"
"Northstar Holz Telefon Dockingstation Männer - Schreibtisch Organizer Holz, Handy & Schlüssel Organizer,Weihnachten Männer Geschenke Geburtstag, Nachttisch, Schreibtisch Organizer, Telefontisch COG: 12,78 / Price: 29,99";"B07VC6GXYT";"SQ-H3G9-2L92";"3";"";"93,96";"";"-37,57";"-37,57";"";"";"";"";"";"";"";"-12,78";"-35,62";"-38,34";"-15,01";"-3,30";"-48,66";"-48,66";"17,47";"";"-51,79";"-126,92";"27 508";"39,99";"83";"3,61";"31,32"
"Northstar Wikinger krug für Bier Mjölnir 0,6 Liter | Bierkrug für Männer | Becher | Maßkrug | Bier Geschenk | Geschenkideen für Männer, Geschenk Vatertag (4 Thors Hammer) COG: 30,68 / Price: 109,99";"B0G4WCNZXS";"BM0017";"2";"";"225,33";"";"";"";"";"";"";"";"";"";"-";"";"-45,21";"-61,36";"-37,58";"-2,94";"78,24";"78,24";"177,18";"";"34,72";"127,51";"26 004";"";"67";"2,99";"112,67"
"MyFancyCraft Bierkrug aus Holz, 284 ml, Kaffeebecher, Bierkrug aus Holz, handgefertigt, Geschenke für Männer, Vatertag, Weihnachten oder Geburtstag, klassisch, Braun, 6 Stück COG: 31,8 / Price: 138,8";"B07C779YC5";"S9-ZHU4-EDM5";"1";"";"138,8";"";"";"";"";"";"";"";"";"";"-";"";"-26,16";"-31,8";"-22,16";"";"58,68";"58,68";"112,64";"";"42,28";"184,53";"138 176";"";"9";"11,11";"138,80"
"Northstar Wikinger krug für Bier 0,6 Liter | Bierkrug für Männer | Becher | Maßkrug | Bier Geschenk | Geschenkideen für Männer, Geschenk Vatertag (Beige) COG: 7,41 / Price: 32,8";"B0BRSR5KJS";"BMT002";"1";"";"32,8";"";"-1,34";"-1,34";"";"";"";"";"";"";"-";"";"-13,68";"-14,82";"-5,24";"";"-2,28";"-2,28";"10,37";"";"-6,95";"-15,38";"26 004";"4,09";"42";"2,38";"32,80"
"Holz Telefon Dockingstation Asche Baum mit Schlüsselanhänger Männer Geschenk Ehemann Frau Jubiläum Vater Geburtstag Nachttisch Geldbörse Vater Abschluss Männliche Reise Idee Gadgets (Wenge) COG: 14,05 / Price: 32,8";"B0881MZGCF";"CJ-HT4E-OKZV";"1";"";"32,8";"";"";"";"";"";"";"";"";"";"-";"";"-8,37";"-14,05";"-5,24";"";"5,14";"5,14";"24,43";"";"15,67";"36,58";"160 714";"";"14";"7,14";"32,80"
"Northstar Holz Doppelte Telefon Dockingstation Nussbaum Geldbörsenständer Schlüsselhalter & Uhren Organisator Herren Weihnachten Geschenk Ehemann Ehefrau Vater Geburtstag Vater Mann Gadgets (Bronze) COG: 0 / Price: 24,8";"B084G88WDC";"FW-DHFX-U2R4";"1";"";"24,8";"";"";"";"";"";"";"";"";"";"-";"";"-3,72";"";"-3,96";"";"17,12";"17,12";"21,08";"";"69,03";"";"1 067";"";"7";"14,29";"24,80"
"Holz Telefon Dockingstation Asche Baum Geldbörsenständer Schlüsselhalter & Uhren Organisator Herren Weihnachten Geschenk Ehemann Geburtstag Gadgets Kompatibel mit iPhone iWatch AirPods COG: 0 / Price: 26,8";"B07XC1BT6Z";"OR-9X9F-DHJQ";"1";"";"26,8";"";"";"";"";"";"";"";"";"";"-";"";"-9,96";"";"-4,28";"";"12,56";"12,56";"16,84";"";"46,87";"";"415 050";"";"2";"50,00";"26,80"
"Northstar Handy-Dockingstation aus Holz, Nachttisch-Organizer, Schreibtisch-Organizer für Ehemann, Geburtstagsgeschenke für Männer oder Vater, Idee für Jahrestag, Vatertagsgeschenk für Papa COG: 0 / Price: 40,86";"B0DHH7P6QQ";"G4-DZI9-VU2J";"";"";"";"";"";"";"";"";"";"";"";"";"-";"";"";"";"";"";"";"";"";"";"";"";"17 034";"";"46";"";""
"Northstar Holz Telefon Dockingstation Männer - Schreibtisch Organizer Holz, Handy & Schlüssel Organizer,Weihnachten Männer Geschenke Geburtstag, Nachttisch, Schreibtisch Organizer, Telefontisch COG: 0 / Price: 0";"B07VC6GXYT";"14-0XE4-GZ9F";"";"";"";"";"";"";"";"";"";"";"";"";"-";"";"";"";"";"";"";"";"";"";"";"";"27 508";"";"11";"";""
"Northstar Gewehrhalterung | Waffenhalter Wand | Waffenständer | Waffen zubehör | Waffen Halterung | Schrotflinten | Massives Naturholz mit Metallhaken COG: 6,27 / Price: 27,99";"B0BTTHD99C";"AR0008";"";"1";"";"";"-7,26";"-7,26";"";"";"";"";"";"∞";"-";"-18,36";"-1,34";"";"4,47";"";"-22,49";"-22,49";"-33,23";"";"";"";"93 466";"";"44";"";""
"Northstar Gun Rack Wall Mount Hold Up Displays Horizontal Gun Rack and Shotgun Hooks Store All Rifle Shotgun Real Hardwood Tree Metal Hooks (Wenge) COG: 5,85 / Price: 32,8";"B09QMK4HZF";"ARM001";"";"";"";"";"";"";"";"";"";"";"";"";"-";"";"";"";"";"";"";"";"";"";"";"";"93 466";"";"56";"";""
"Northstar Bierkrug mit Gravur 0.6 L aus Eichenholz Braun - Mittelalter Wikinger Becher mit Drachengravur | Drachen Maßkrug, Bierfass Miniatur für Bier | Ideale Bier Geschenke für Männer und Frauen COG: 5,4 / Price: 20,8";"B0CN1H8G38";"BMP0012";"";"";"";"";"";"";"";"";"";"";"";"";"-";"";"";"";"";"";"";"";"";"";"";"";"";"";"2";"";""
"Northstar Holz Gewehrhalter Wandhalterung, Wenge Hartholz, Wandhalterung 17x12x4,5 cm Kaffee - Waffenaufbewahrung & Ausstellung COG: 4,48 / Price: 23,99";"B0B6WC5SST";"Y4-OT79-ACBA";"";"1";"";"";"";"";"";"";"";"";"";"∞";"";"-21,11";"-2,48";"";"3,83";"";"-19,76";"-19,76";"-23,59";"";"";"";"130 502";"";"";"";""
"Northstar Handy-Dockingstation aus Holz Schlüsselhalter Geldbörse Ständer Uhren-Organizer Herren Weihnachten Geschenk Ehemann Ehefrau Jahrestag Vater Geburtstag Nachttisch Geldbörse Vater Abschluss COG: 0 / Price: 36,8";"B0842M4Y73";"09-TX8N-URPM";"";"";"";"";"";"";"";"";"";"";"";"";"-";"";"-0,05";"";"";"";"-0,05";"-0,05";"-0,05";"";"";"";"";"";"";"";""
"Steakbrett - Holzsteakbrett 35 x 25 - Holz Schneidebrett - Massiv Eiche Servierbrett - ​​Servierplatte - Holzbrett - Langlebig & Qualität COG: 0 / Price: 24,8";"B0BQCSFHQH";"KB0004";"";"";"";"";"";"";"";"";"";"";"";"";"-";"";"-5,14";"";"";"";"-5,14";"-5,14";"-5,14";"";"";"";"";"";"5";"";""
"Northstar Holz Handy-Ständer 3 in 1 für Apple | Kompatibel mit magnetischem kabellosem Ladegerät für iPhones 12, 13, 14 | IWatch, AirPods | Herren Geschenk | Asche Baum | Ladegeräte Nicht enthalten COG: 11,6 / Price: 16,8";"B0BX49HKC2";"PPMG03";"";"";"";"";"";"";"";"";"";"";"";"";"-";"";"3,66";"-11,6";"";"";"-7,94";"-7,94";"-7,94";"";"";"-68,45";"";"";"";"";""
"MyFancyCraft Bierkrug, Holz-Bierkrug, Edelstahlbecher, Handgefertigte Geschenke für Männer, Vatertag, Weihnachten oder Geburtstag, Braun, 6 Stück COG: 50 / Price: 135,05";"B01M2ZSZNF";"KO-AAPH-S3H1";"";"";"";"";"";"";"";"";"";"";"";"";"-";"";"-2,02";"";"";"";"-2,02";"-2,02";"-2,02";"";"";"";"";"";"19";"";""
"MyFancyCraft Bierkrug, Holz-Bierkrug, Edelstahlbecher, Handgefertigte Geschenke für Männer, Vatertag, Weihnachten oder Geburtstag, Retro-Braun, 6 Stück COG: 39 / Price: 159,8";"B06X9LNZPJ";"OO-A269-AGEC";"";"";"";"";"";"";"";"";"";"";"";"";"-";"";"";"";"";"";"";"";"";"";"";"";"";"";"35";"";""
"Northstar Surfbrett-Halterung, Haken, Eschenholz, umweltfreundlich, natürliches Finish, Snowboard, Wakeboard, Braun, groß COG: 13,52 / Price: 25";"B0BX49F4HG";"AS0004";"";"";"";"";"";"";"";"";"";"";"";"";"-";"";"-1,06";"";"";"";"-1,06";"-1,06";"-1,06";"";"";"";"";"";"5";"";""
"Northstar Soporte de Carga para Teléfono Ceniza con Soporte para Llaves Cartera y Relojes para Hombres Soporte para Reloj para Hombre Regalo para Esposo (Beige) COG: 0 / Price: 0";"";"X0013OTC7R";"";"";"";"";"";"";"";"";"";"";"";"";"-";"";"-0,64";"";"";"";"-0,64";"-0,64";"-0,64";"";"";"";"";"";"";"";""
"Boccale da birra vichingo da uomo 0,6 litri realizzato a mano in legno di quercia in acciaio inox design autentico regalo san valentino per lui e lei regalo di compleanno regalo per la festa del papà COG: 0 / Price: 0";"";"B0BRSMB6M9";"";"";"";"";"";"";"";"";"";"";"";"";"-";"";"-3,62";"";"";"";"-3,62";"-3,62";"-3,62";"";"";"";"";"";"";"";""
"Northstar 0.6 Tazza Vichinga Birra Viking Vichingo Boccale birra in legno vichingo Regalo Uomo Boccale vichingo Thor regalo san valentino per lui e lei regalo di compleanno regalo per la festa del papà COG: 0 / Price: 0";"";"B0CN1J44VC";"";"";"";"";"";"";"";"";"";"";"";"";"-";"";"-1,72";"";"";"";"-1,72";"-1,72";"-1,72";"";"";"";"";"";"";"";""
"Northstar Wikinger krug für Bier 0,6 Liter | Bierkrug für Männer | Becher | Maßkrug | Bier Geschenk | Geschenkideen für Männer, Geschenk Vatertag (4 Stück Wikinger Braun) COG: 30,68 / Price: 109,99";"B0G498383C";"BM0024";"";"";"";"";"";"";"";"";"";"";"";"";"-";"";"-2,03";"";"";"";"-2,03";"-2,03";"-2,03";"";"";"";"";"";"54";"";""
"Northstar Jarra Madera 600 ml | Cerveza Regalo Hombre | Jarra Vikinga | Jarra Cerveza | Regalo Original Hombre | Dragón COG: 0 / Price: 0";"";"B0CN6XGNHR";"";"";"";"";"";"";"";"";"";"";"";"";"-";"";"-0,3";"";"";"";"-0,30";"-0,30";"-0,3";"";"";"";"";"";"";"";""
"Northstar Holz Telefon Dockingstation & Schreibtisch Organizer mit Handyständer Beige für Büro Aufbewahrung & Organisation Tolle Geschenkideen für Männer Holz Männer Väter COG: 0 / Price: 0";"B08YJ5Y672";"1Y-IVSW-1PQL";"";"";"";"";"";"";"";"";"";"";"";"";"-";"";"-5,15";"";"";"";"-5,15";"-5,15";"-5,15";"";"";"";"17 034";"";"";"";""
"Northstar Holz Telefon Dockingstation Männer Schwarz - Schreibtisch Organizer Holz Handy Schlüssel Organizer Geschenk Mann Männer Geburtstag Handyständer Nachttisch Handy Zubehör COG: 0 / Price: 0";"B08YJLRHKX";"8L-I8PN-5C7D";"";"";"";"";"";"";"";"";"";"";"";"";"-";"";"-20,6";"";"";"";"-20,60";"-20,60";"-20,6";"";"";"";"27 508";"";"";"";""
"Northstar 2er Set Holz Waffenhalterung Wand Braun Gewehr Wandhalterung 17x12x4,5 cm - Gewehrhalter Wand, Waffenhalter Langwaffen, Gewehr Halterung aus Hartholz für Waffenlagerung und Ausstellung COG: 10,14 / Price: 32,8";"B09J8W13DK";"EG-RY08-XTU8";"";"";"";"";"";"";"";"";"";"";"";"";"-";"";"";"";"";"";"";"";"";"";"";"";"130 502";"";"";"";""
"Northstar 2er Set Holz Waffenhalterung Wand Braun Gewehr Wandhalterung 17x12x4,5 cm - Gewehrhalter Wand, Waffenhalter Langwaffen, Gewehr Halterung aus Hartholz für Waffenlagerung und Ausstellung COG: 10,14 / Price: 25,14";"B09J8W13DK";"DC-9UBV-6D8X";"";"";"";"";"";"";"";"";"";"";"";"";"-";"";"";"";"";"";"";"";"";"";"";"";"130 502";"";"";"";""
"Amazon.fr";"";"";"289";"5";"9 312,81";"";"-1 575,8";"-1 575,8";"";"";"";"";"";"1,73";"40";"-115,92";"-3 290,15";"-1 955,62";"-1 482,67";"-37,22";"847,94";"717,28";"4 277,27";"-130,66";"7,70";"36,68";"224 475";"16,92";"6 146";"4,70";"32,22"
"Northstar Cadeau Homme – Organisateur de Bureau en Bois avec Support Téléphone et Montre, Station d’Accueil, Docking Station, Support Montre, Idée Cadeau Papa Anniversaire, Fête des Pères, Noël - Beige COG: 6,12 / Price: 36,8";"B08YJ5Y672";"PP0006";"38";"";"1 386,7";"";"-295,68";"-295,68";"";"";"";"";"";"";"-";"";"-426,12";"-237,88";"-226,25";"-3,32";"194,96";"194,96";"659,09";"";"14,06";"81,96";"13 630";"21,32";"1 021";"3,72";"36,49"
"Northstar Chope à Bière Viking en Bois de Chêne (0,6L) - Tasse Artisanale avec Intérieur en Acier Inoxydable, Idée Cadeau de Noël Originale pour Homme et Papa (Viking Marron) COG: 7,44 / Price: 35,8";"B0BRSMB6M9";"BMT003";"26";"";"925,99";"";"-40,16";"-40,16";"";"";"";"";"";"";"-";"";"-305,6";"-193,44";"-149,58";"";"234,72";"234,72";"577,74";"";"25,35";"121,34";"15 894";"4,34";"377";"6,90";"35,62"
"Chope à bière avec intérieur en acier inoxydable faite à la main 0.6 litre/Produit écologique en bois naturel en couleur marron foncé classique COG: 6,59 / Price: 29,8";"B01LYB4PKO";"69-YT0R-2WCS";"24";"";"723,18";"";"-142,32";"-142,32";"";"";"";"";"";"";"-";"";"-267,28";"-170,4";"-120,62";"-6,64";"15,92";"15,92";"306,94";"";"2,20";"9,34";"69 267";"19,68";"365";"6,58";"30,13"
"Northstar 0.6 Chopé Bière | Cadeau Biere | Tasse Viking | Choppe Viking | Cadeau Pour Noël | Cadeau Pour Homme | Chope à Bière | Choppe Biere | Viking Tasse | Verre Viking | Thor COG: 7,59 / Price: 34,8";"B0CN1J44VC";"BM0010";"23";"";"752,92";"";"-259,22";"-259,22";"";"";"";"";"";"";"-";"";"-265,67";"-174,57";"-121,01";"-3,30";"-70,85";"-70,85";"224,73";"";"-9,41";"-40,59";"15 894";"34,43";"646";"3,56";"32,74"
"Planche À Découper En Bois 35 X 25 Plateau De Service En Bois De Chêne Massif Plaque De Découpage Épaisse Naturelle Pour Barbecue - Durable Et De Qualité (L) COG: 4,73 / Price: 25,25";"B08YKGCV8F";"KB0002";"16";"";"388,36";"";"-4,79";"-4,79";"";"";"";"";"";"";"-";"";"-172,67";"-80,41";"-46,10";"";"84,39";"84,39";"210,9";"";"21,73";"104,95";"66 651";"1,23";"51";"31,37";"24,27"
"Northstar Cadeau Homme – Organisateur de Bureau en Bois avec Support Téléphone et Montre, Station d’Accueil, Docking Station, Support Montre, Idée Cadeau Papa Anniversaire, Fête des Pères - Marron COG: 6,12 / Price: 36,8";"B08YJR9HDL";"PP0005";"15";"";"550,99";"";"-184,2";"-184,2";"";"";"";"";"";"";"-";"";"-147,37";"-95,55";"-91,80";"-5,87";"26,20";"26,20";"213,55";"";"4,76";"27,42";"13 630";"33,43";"690";"2,17";"36,73"
"Northstar - Station d'accueil pour téléphone en bois pour homme, organisateur de bureau ou de chevet, cadeau d'anniversaire pour hommes, papa, idée d'anniversaire de femme - porte-clés, support COG: 6,12 / Price: 31,49";"B0FGJXKQFB";"PP0013";"15";"";"452,27";"";"-79";"-79";"";"";"";"";"";"";"-";"";"-167,35";"-91,8";"-71,12";"";"43,00";"43,00";"205,92";"";"9,51";"46,84";"38 990";"17,47";"307";"4,89";"30,15"
"Tasse de bière en bois de chêne fait à la main Tasse en acier inoxydable Naturel et écologique 0.6 litre 20 onces Barrel Brown COG: 6,54 / Price: 29,8";"B01LNOBGRM";"3I-GOR9-I5Y7";"14";"";"421,14";"";"-119,79";"-119,79";"";"";"";"";"";"";"-";"";"-154,52";"-99,4";"-69,60";"-3,90";"-26,07";"-26,07";"142,93";"";"-6,19";"-26,23";"92 892";"28,44";"236";"5,93";"30,08"
"Support Mural pour Pistolet Support Mural Affiche Support de Pistolet Horizontal et Crochets de Fusil de Chasse Crochet en métal (Wenge) COG: 5,85 / Price: 28,8";"B09QMK4HZF";"ARM0001";"14";"";"389,2";"";"";"";"";"";"";"";"";"";"-";"";"-130,55";"-81,9";"-64,82";"";"111,93";"111,93";"258,65";"";"28,76";"136,67";"";"";"51";"27,45";"27,80"
"Northstar Chope à bière Viking 0.6 | Fait main | Noël Cadeau | Cadeau pour Hommes | en métal inoxydable | Verre a biere | Arbre de la vie | Сhêne | Mug Viking | Nordique COG: 7,01 / Price: 34,8";"B0CP2C594Q";"BMP0010";"13";"1";"421,2";"";"-33,13";"-33,13";"";"";"";"";"";"7,69";"";"-28,71";"-174,45";"-91,13";"-60,44";"";"33,34";"33,34";"184,91";"";"7,92";"36,59";"15 894";"7,87";"268";"4,85";"32,40"
"Northstar Cadeau Homme – Organisateur de Bureau en Bois avec Support Téléphone et Montre, Station d’Accueil, Docking Station, Support Montre, Idée Cadeau Papa Anniversaire, Fête des Pères, Noël - Noir COG: 6,12 / Price: 31,49";"B08YJLRHKX";"PP0004";"12";"";"366,14";"";"-58,04";"-58,04";"";"";"";"";"";"";"-";"";"-130,36";"-73,44";"-61,22";"";"43,08";"43,08";"177,74";"";"11,77";"58,66";"4 062";"15,85";"237";"5,06";"30,51"
"Northstar Chope à Bière 0.6 | Choppe Biere | Cadeau Noël Homme | Choppe | Chope à Biere | Chope Biere Bois | Verre à Biere | Idée Cadeau Pour Homme | Cadeau Original | Chopé Bière Loup COG: 7,01 / Price: 34,8";"B0CN6XQ611";"BMP0009";"10";"";"328";"";"-39,33";"-39,33";"";"";"";"";"";"";"-";"";"-109,6";"-70,1";"-54,70";"";"54,27";"54,27";"179,07";"";"16,55";"77,42";"15 894";"11,99";"158";"6,33";"32,80"
"Northstar Support mural pour pistolet support mural affiche support de pistolet horizontal et crochets de fusil de chasse (Marron) COG: 4,48 / Price: 25,8";"B09J8W13DK";"UG-Y4LX-G244";"9";"2";"225,2";"";"-18,81";"-18,81";"";"";"";"";"";"22,22";"100";"-34,47";"-90,18";"-40,32";"-29,25";"";"12,17";"12,17";"72,78";"";"5,40";"30,18";"";"8,35";"141";"6,38";"25,02"
"Planche À Découper En Bois 30 X 20 Plateau De Service En Bois De Chêne Massif Plaque De Découpage Épaisse Naturelle Pour Barbecue - Durable Et De Qualité (M) COG: 3,5 / Price: 21,99";"B0B1DMS4YK";"KB0001";"8";"";"175,92";"";"-8,96";"-8,96";"";"";"";"";"";"";"-";"";"-75,62";"-28";"-29,36";"";"33,98";"33,98";"91,34";"";"19,32";"121,36";"66 651";"5,09";"64";"12,50";"21,99"
"Northstar Cadeau Homme – Organisateur de Bureau en Bois avec Support Téléphone et Montre, Station d’Accueil, Docking Station, Support Montre, Idée Cadeau Papa Anniversaire, Fête des Pères, Noir COG: 6,12 / Price: 35,8";"B09FSZYGB4";"PP0007";"8";"1";"279,39";"";"-26,55";"-26,55";"";"";"";"";"";"12,50";"";"-30,46";"-106,99";"-50,08";"-40,76";"";"22,04";"22,04";"112,88";"";"7,89";"44,01";"13 630";"9,50";"207";"3,86";"34,92"
"Northstar Support Mural pour Pistolet Support Mural Affiche Support de Pistolet Horizontal et Crochets de Fusil de Chasse Conception fourchue COG: 4,71 / Price: 26,8";"B09QMLXZ27";"ARBI01";"8";"1";"207,1";"";"";"";"";"";"";"";"";"12,50";"";"-22,28";"-83,11";"-37,68";"-26,15";"";"37,88";"37,88";"101,71";"";"18,29";"100,53";"";"";"46";"17,39";"25,89"
"Northstar Cadeau Homme Organisateur de Bureau Bois Cadeau Fete des Peres Support Telephone Bureau Support Montre Anniversaire Homme Support Porte Monnaie (Marron) COG: 12,78 / Price: 30,49";"B07VC6GXYT";"SQ-H3G9-2L92";"7";"";"213,43";"";"-31,31";"-31,31";"";"";"";"";"";"";"-";"";"-75,83";"-89,46";"-35,56";"";"-18,73";"-18,73";"106,29";"";"-8,78";"-20,94";"4 062";"14,67";"54";"12,96";"30,49"
"Northstar Chope à bière Viking 0.6 | Tasse à bière | Cadeau pour les Hommes | Cadeau Noël pour Homme | Shop de Biere | mug viking | chope a biere | Nordique COG: 6,98 / Price: 34,8";"B0CP2KD382";"BMP0011";"6";"";"196,8";"";"-7,58";"-7,58";"";"";"";"";"";"";"-";"";"-79,3";"-41,88";"-32,82";"";"35,22";"35,22";"109,92";"";"17,90";"84,10";"15 894";"3,85";"122";"4,92";"32,80"
"Northstar Station d'accueil en bois pour téléphone,Porte-clés,Porte-monnaie,Organiseur de montre,Pour homme, mari, femme, anniversaire de mariage, papa, remise de diplôme,Gadget pour homme COG: 6,36 / Price: 26,24";"B09PNKKS78";"PP0001GS";"6";"";"176,94";"";"-180,67";"-180,67";"";"";"";"";"";"";"-";"";"-70,51";"-38,16";"-29,52";"";"-141,92";"-141,92";"-74,24";"";"-80,21";"-371,91";"4 062";"102,11";"439";"1,37";"29,49"
"Planche de service à steak en bois 40 X 30 - Planche en bois de chêne À Découper En Bois - Plateau De Service Pour Barbecue - Durable Et De Qualité (XL) COG: 6 / Price: 30,76";"B09RX2WX88";"KB0003";"4";"";"121";"";"-3,43";"-3,43";"";"";"";"";"";"";"-";"";"-50,56";"-24";"-20,16";"";"22,85";"22,85";"67,01";"";"18,88";"95,21";"66 651";"2,83";"49";"8,16";"30,25"
"Northstar Station d'accueil pour téléphone Portable en Bois - Organiseur de Bureau pour Mari, Cadeau d'anniversaire pour Homme ou père - Idée d'anniversaire - Porte-clé - Support pour Portefeuille COG: 5,5 / Price: 32,8";"B0DHH7P6QQ";"73-EFLH-T6DR";"3";"";"103,39";"";"";"";"";"";"";"";"";"";"-";"";"-32,27";"-16,5";"-17,24";"-5,87";"31,51";"31,51";"65,25";"";"30,48";"190,97";"180 039";"";"78";"3,85";"34,46"
"Northstar Station de docking pour téléphone en bois avec tiroir – Organiseur de table de chevet – Organiseur de bureau pour mari – Idées de cadeau d’anniversaire pour homme, papa, idée de fête COG: 10,62 / Price: 41,8";"B0F2TDHQ83";"PPD006";"2";"";"87,59";"";"-5,52";"-5,52";"";"";"";"";"";"";"-";"";"-34,7";"-21,24";"-14,60";"-4,16";"7,37";"7,37";"43,21";"";"8,41";"34,70";"102 166";"6,30";"69";"2,90";"43,80"
"Northstar Supports pour arme | Crochets de Fusil de Chasse | porte fusils mural | Support arme de chasse fusil | Bois de frêne naturel avec un crochet en métal COG: 6,27 / Price: 33,8";"B0BTTHD99C";"AR0008";"2";"";"67,6";"";"-18,02";"-18,02";"";"";"";"";"";"";"-";"";"-23,52";"-12,54";"-11,27";"";"2,25";"2,25";"26,06";"";"3,33";"17,94";"";"26,66";"48";"4,17";"33,80"
"Northstar Station d'accueil pour téléphone en bois avec tiroir, organisateur de table de chevet, organisateur de bureau pour mari, cadeau d'anniversaire pour homme, papa, idée d'anniversaire, porte-clés COG: 10,62 / Price: 42,8";"B0F2T8BPK5";"PPD005";"1";"";"45,79";"";"-7,78";"-7,78";"";"";"";"";"";"";"-";"";"-17,58";"-10,62";"-7,63";"-4,16";"-1,98";"-1,98";"16,27";"";"-4,32";"-18,64";"44 915";"16,99";"60";"1,67";"45,79"
"Northstar 0.6 Chopé Bière | Dragon | Tasse Viking | Choppe Viking | Chope Bois | Cadeau Pour Noël | Cadeau Biere Homme | Chope à Bière | Choppe Biere | Viking Tasse | Verre Viking COG: 5,4 / Price: 24,8";"B0CN1H8G38";"BMP0012";"1";"";"24,8";"";"";"";"";"";"";"";"";"";"-";"";"-12,85";"-5,4";"-4,13";"";"2,42";"2,42";"11,95";"";"9,76";"44,81";"15 894";"";"53";"1,89";"24,80"
"Wooden Steak Board 12 x 8 - Solid Oak Cutting Board - Durable Serving Board for Burger, Cheese, Barbecue - Thick Meat Platter - Natural Chopping Board - Steak Plate (Small) COG: 8,85 / Price: 20,99";"B07QS323RP";"5L-OS15-NL0S";"1";"";"20,99";"";"";"";"";"";"";"";"";"";"-";"";"-9,38";"-8,85";"-3,50";"";"-0,74";"-0,74";"11,61";"";"-3,53";"-8,36";"66 651";"";"10";"10,00";"20,99"
"Northstar Station d'accueil de téléphone en bois avec tiroir – Organiseur de table de nuit – Organisateur de bureau pour mari – Cadeaux d'anniversaire pour homme, papa, anniversaire de mariage COG: 9,51 / Price: 40,8";"B0DQQCZGLP";"PPD007";"1";"";"40,8";"";"";"";"";"";"";"";"";"";"-";"";"-12,58";"-9,51";"-6,80";"";"11,91";"11,91";"28,22";"";"29,19";"125,24";"224 475";"";"35";"2,86";"40,80"
"Northstar Chope Viking Mjölnir pour bière 0,6 l | Chope à bière pour homme | Tasse | Chope à bière | Cadeau de bière | Idée cadeau pour homme, cadeau de fête des pères (4 marteaux de Thor) COG: 30,68 / Price: 109,99";"B0G4WCNZXS";"BM0017";"1";"";"109,99";"";"";"";"";"";"";"";"";"";"-";"";"-25,17";"-30,68";"-18,33";"";"35,81";"35,81";"84,82";"";"32,56";"116,72";"15 894";"";"26";"3,85";"109,99"
"Northstar Chope viking pour bière 0,6 l | Chope à bière pour homme | Tasse | Chope à bière | Cadeau de bière | Idée cadeau pour homme, cadeau de fête des pères (4 pièces Viking Marron) COG: 30,68 / Price: 109,99";"B0G498383C";"BM0024";"1";"";"109,99";"";"";"";"";"";"";"";"";"";"-";"";"-25,17";"-30,68";"-18,33";"";"35,81";"35,81";"84,82";"";"32,56";"116,72";"15 894";"";"13";"7,69";"109,99"
"Northstar Station d'accueil pour téléphone Portable en Bois - Organiseur de Bureau pour Mari, Cadeau d'anniversaire pour Homme ou père - Idée d'anniversaire - Porte-clé - Support pour Portefeuille COG: 0 / Price: 43,18";"B0DHH7P6QQ";"G4-DZI9-VU2J";"";"";"";"";"";"";"";"";"";"";"";"";"-";"";"";"";"";"";"";"";"";"";"";"";"180 039";"";"75";"";""
"Northstar Cadeau Homme Organisateur de Bureau Bois Cadeau Fete des Peres Support Telephone Bureau Support Montre Anniversaire Homme Support Porte Monnaie (Marron) COG: 0 / Price: 0";"B07VC6GXYT";"14-0XE4-GZ9F";"";"";"";"";"";"";"";"";"";"";"";"";"-";"";"";"";"";"";"";"";"";"";"";"";"4 062";"";"5";"";""
"MyFancyCraft Lot de 6 tasses à bière de 300 ml – Tasse à café – Chope de bière en bois – Tasse à bière en bois – Tasse en acier inoxydable – Cadeau fait à la main pour homme – Idée cadeau pour la fête COG: 31,8 / Price: 105,79";"B07C779YC5";"S9-ZHU4-EDM5";"";"";"";"";"-5,53";"-5,53";"";"";"";"";"";"";"-";"";"";"";"";"";"-5,53";"-5,53";"-5,53";"";"";"";"";"";"12";"";""
"Northstar Station d'accueil pour téléphone en bois avec tiroir – Organiseur de table de nuit – Organisateur de bureau pour mari – Cadeaux d'anniversaire pour hommes, papa, idée d'anniversaire, support COG: 10,62 / Price: 42,8";"B0F2T5SPFZ";"PPD004";"";"";"";"";"-3,7";"-3,7";"";"";"";"";"";"";"-";"";"-3,73";"";"";"";"-7,43";"-7,43";"-7,43";"";"";"";"44 915";"";"54";"";""
"Support Mural pour Pistolet Support Mural Affiche Support de Pistolet Horizontal et Crochets de Fusil de Chasse Crochet en métal (Wenge) COG: 5,85 / Price: 32,8";"B09QMK4HZF";"ARM001";"";"";"";"";"";"";"";"";"";"";"";"";"-";"";"";"";"";"";"";"";"";"";"";"";"";"";"27";"";""
"Northstar Chope à bière Viking médiévale nordique en bois 0.6 L 20 (oz) | Tasse à bière | Verre a biere | Сhêne | Tasse en métal inoxydable | Fait main | Noël Cadeau | Cadeau pour Hommes (Beige) COG: 7,41 / Price: 30,8";"B0BRSR5KJS";"BMT002";"";"";"";"";"";"";"";"";"";"";"";"";"-";"";"";"";"";"";"";"";"";"";"";"";"";"";"25";"";""
"Northstar Support mural pour pistolet support mural affiche support de pistolet horizontal et crochets de fusil de chasse (Café) COG: 4,48 / Price: 24,8";"B0B6WC5SST";"Y4-OT79-ACBA";"";"";"";"";"";"";"";"";"";"";"";"";"-";"";"-3,33";"";"";"";"-3,33";"-3,33";"-3,33";"";"";"";"";"";"";"";""
"Organiseur Multifonctionnel de Noyer Naturel Crochets pour clés Montres Cadeaux pour Hommes Organisateur de Montre Organisateur de Montre pour Homme Cadeau de Mari Femme Anniversaire père (Marron) COG: 14,05 / Price: 32,8";"B0881MZGCF";"CJ-HT4E-OKZV";"";"";"";"";"-2,28";"-2,28";"";"";"";"";"";"";"-";"";"-6,23";"";"";"";"-8,51";"-8,51";"-8,51";"";"";"";"82 941";"";"23";"";""
"MyFancyCraft Bierkrug, Holz-Bierkrug, Edelstahlbecher, Handgefertigte Geschenke für Männer, Vatertag, Weihnachten oder Geburtstag, Braun, 6 Stück COG: 50 / Price: 149,8";"B01M2ZSZNF";"KO-AAPH-S3H1";"";"";"";"";"";"";"";"";"";"";"";"";"-";"";"";"";"";"";"";"";"";"";"";"";"";"";"2";"";""
"Northstar Support mural pour pistolet support mural affiche support de pistolet horizontal et crochets de fusil de chasse (Marron) COG: 10,14 / Price: 32,8";"B09J8W13DK";"EG-RY08-XTU8";"";"";"";"";"";"";"";"";"";"";"";"";"-";"";"";"";"";"";"";"";"";"";"";"";"";"";"1";"";""
"Northstar Support mural pour pistolet support mural affiche support de pistolet horizontal et crochets de fusil de chasse (Marron) COG: 10,14 / Price: 25,14";"B09J8W13DK";"DC-9UBV-6D8X";"";"";"";"";"";"";"";"";"";"";"";"";"-";"";"";"";"";"";"";"";"";"";"";"";"";"";"1";"";""
"Amazon.es";"";"";"192";"9";"5 998,39";"";"-1 236,79";"-1 074,85";"";"-161,94";"";"";"";"4,69";"50";"-210,06";"-1 984,81";"-1 358,71";"-980,24";"-29,17";"196,14";"244,14";"2 498,54";"48";"4,07";"17,97";"174 110";"20,62";"6 472";"2,97";"31,24"
"MyFancyCraftLUKRA - Taza de cerveza de madera de roble hecha a mano (0,6 litros, 20 onzas, acero inoxidable, color marrón COG: 6,54 / Price: 26,41";"B01LNOBGRM";"3I-GOR9-I5Y7";"39";"2";"1 128,13";"";"-321,66";"-321,66";"";"";"";"";"";"5,13";"50";"-36,26";"-319,06";"-276,9";"-186,63";"-1,64";"-14,02";"-14,02";"435,31";"";"-1,24";"-5,06";"31 740";"28,51";"878";"4,44";"28,93"
"Jarra de cerveza hecha a mano de madera natural y acero inoxidable para hombre, regalo ecológico, recuerdo retro, color marrón COG: 6,59 / Price: 28,8";"B01LYB4PKO";"69-YT0R-2WCS";"24";"1";"691,2";"";"-19,99";"-19,99";"";"";"";"";"";"4,17";"";"-25,21";"-206,83";"-170,4";"-115,00";"";"153,77";"153,77";"439,17";"";"22,25";"90,24";"35 679";"2,89";"171";"14,04";"28,80"
"Northstar Jarra de cerveza Vikinga de madera natural y de acero inoxidable para hombre 0.6 litros regalos para un padre auténtico recuerdo Aniversario Día Regalo Padre dia del Padre Regalos Marrón COG: 7,44 / Price: 35,8";"B0BRSMB6M9";"BMT003";"18";"1";"639,74";"";"-144,27";"-52,46";"";"-91,81";"";"";"";"5,56";"-";"-23,9";"-174,86";"-133,92";"-99,88";"-3,99";"58,92";"58,92";"285,28";"";"9,21";"44,00";"27 049";"22,55";"396";"4,55";"35,54"
"Northstar 0.6 Taza Vikinga Regalo Hombre Original Jarra de Cerveza Regalos Vikingos Hombre Vikingos Accesorios Vaso de Cerveza Ideas Regalo Padre Jarra de Cerveza Vikinga COG: 7,01 / Price: 32,8";"B0CP2C594Q";"BMP0010";"12";"";"386,59";"";"-35,03";"-35,03";"";"";"";"";"";"";"-";"";"-121,28";"-84,12";"-67,11";"-4,12";"74,93";"74,93";"226,16";"";"19,38";"89,08";"27 049";"9,06";"193";"6,22";"32,22"
"Northstar Soporte de Carga para teléfonos móviles con Gancho Llaves Carteras y Relojes Hombres Seres Queridos ya Sea por su Aniversariodía Festivo Regalo Padre Dia del Padre Regalos (Marrón) COG: 6,12 / Price: 33,8";"B08YJR9HDL";"PP0005";"11";"";"372,35";"";"-84,55";"-84,55";"";"";"";"";"";"";"-";"";"-106,43";"-67,32";"-65,12";"";"48,93";"48,93";"181,37";"";"13,14";"72,68";"17 406";"22,71";"536";"2,05";"33,85"
"Northstar 0.6 Taza vikinga | Regalo Vikingo | Regalos vikingos para hombre | Jarra Cerveza | Regalos Hombre Navidad | Jarra de cerveza vikinga | Productos vikingos | Regalo Dia Del Padre COG: 7,59 / Price: 32,8";"B0CN1J44VC";"BM0010";"10";"";"320,99";"";"-43,75";"-43,75";"";"";"";"";"";"";"100";"";"-105,95";"-75,9";"-55,72";"";"37,20";"37,20";"168,82";"";"11,59";"49,01";"27 049";"13,63";"288";"3,47";"32,10"
"Northstar Regalos Originales para Hombre – Organizador de Escritorio en Madera con Soporte para Móvil y Reloj, Docking Station, Ideas Regalo Hombre Cumpleaños, Navidad, Día del Padre – Marrón Claro COG: 6,12 / Price: 30,49";"B0FGJXKQFB";"PP0013";"10";"";"307,91";"";"-117,32";"-117,32";"";"";"";"";"";"";"-";"";"-101,76";"-61,2";"-53,84";"-2,10";"-28,31";"-28,31";"86,73";"";"-9,19";"-46,26";"333";"38,10";"389";"2,57";"30,79"
"Regalos para Hombres, estación de Acoplamiento de teléfono de Madera, Soporte para Llaves, Soporte para Cartera, Organizador de Relojes, Regalo para Hombre, Marido, Esposa, Aniversario, Regalo de COG: 6,36 / Price: 28,97";"B09PNKKS78";"PP0001GS";"8";"";"225,75";"";"-59,14";"-59,14";"";"";"";"";"";"";"-";"";"-96,72";"-50,88";"-36,07";"";"-17,06";"-17,06";"69,89";"";"-7,56";"-33,53";"";"26,20";"340";"2,35";"28,22"
"Tabla de Madera para Filetes de 40 x 30 Plato para Barbacoa de Roble Sólido - Plato de Corte Natural Grueso - Durabilidad y Calidad (XLarge) COG: 6 / Price: 23,74";"B09RX2WX88";"KB0003";"7";"1";"213,25";"";"-8,64";"-8,64";"";"";"";"";"";"14,29";"-";"-26,49";"-72,98";"-42";"-33,00";"";"30,14";"30,14";"105,14";"";"14,13";"71,76";"174 110";"4,05";"73";"9,59";"30,46"
"Northstar Jarra Madera 0.6 Cerveza Regalo Regalos Hombre Navidad Jarra Vikinga Jarra Cerveza Jarras Cerveza Jarra de Cerveza Original Hombre Regalo Original Padre dia del Padre Regalos COG: 7,01 / Price: 32,8";"B0CN6XQ611";"BMP0009";"7";"";"222,6";"";"-59,27";"-59,27";"";"";"";"";"";"";"-";"";"-71,09";"-49,07";"-38,64";"";"4,53";"4,53";"92,24";"";"2,04";"9,23";"27 049";"26,63";"210";"3,33";"31,80"
"Northstar Soporte de Carga para teléfonos móviles Llaves Carteras y Relojes Hombres Seres Queridos ya Sea por su Aniversariodía Festivo Regalo Padre Dia del Padre Regalos (Beige) COG: 6,12 / Price: 34,22";"B08YJ5Y672";"PP0006";"6";"1";"201,31";"";"-50,38";"-50,38";"";"";"";"";"";"16,67";"100";"-24,34";"-63,58";"-36,72";"-24,16";"";"2,13";"2,13";"56,89";"";"1,06";"5,80";"17 406";"25,03";"1 192";"0,50";"33,55"
"Northstar Estación de acoplamiento de madera para teléfono con cajón - Organizador de mesita de noche - Organizador de escritorio para marido - Regalos de cumpleaños para hombres, papá, aniversario COG: 9,51 / Price: 38,8";"B0DQQCZGLP";"PPD007";"5";"";"199,64";"";"";"";"";"";"";"";"";"";"-";"";"-51,11";"-47,55";"-35,17";"-4,16";"61,65";"61,65";"144,37";"";"30,88";"129,65";"373";"";"73";"6,85";"39,93"
"Northstar Regalos Originales para Hombre – Organizador de Escritorio en Madera con Soporte para Móvil y Reloj, Docking Station, Ideas Regalo Hombre Cumpleaños, Navidad, Día del Padre – Negro COG: 6,12 / Price: 30,49";"B08YJLRHKX";"PP0004";"4";"";"121,96";"";"-57,9";"-57,9";"";"";"";"";"";"";"";"-18,36";"-73,31";"-24,48";"-21,16";"";"-73,25";"-73,25";"-9,25";"";"-60,06";"-299,22";"";"47,47";"234";"1,71";"30,49"
"Northstar Estación de Acoplamiento de Madera para Teléfono con Cajón Organizador de Escritorio para Marido Regalos de Cumpleaños para Hombres Papá Regalo Padre Dia del Padre Regalos COG: 10,62 / Price: 41,8";"B0F2T8BPK5";"PPD005";"3";"";"126,39";"";"-19,69";"-19,69";"";"";"";"";"";"";"-";"";"-58,57";"-31,86";"-21,93";"-3,32";"-8,98";"-8,98";"44,81";"";"-7,10";"-28,19";"16 383";"15,58";"111";"2,70";"42,13"
"Northstar Estación de Acoplamiento de Madera para Teléfono con Cajón Organizador de Escritorio para Marido Regalos de Cumpleaños para Hombres Papá Regalo Padre Dia del Padre Regalos COG: 10,62 / Price: 41,8";"B0F2T5SPFZ";"PPD004";"3";"";"130,38";"";"-34,33";"-34,33";"";"";"";"";"";"";"-";"";"-57,55";"-31,86";"-22,62";"-6,64";"-22,62";"-22,62";"31,86";"";"-17,35";"-71,00";"16 383";"26,33";"214";"1,40";"43,46"
"Northstar Bastidores de Armas horizontales | Soportes para armas de caza | Gancho para escopeta | Colgador de armas | Madera de fresno natural con gancho de metal COG: 6,27 / Price: 27,99";"B0BTTHD99C";"AR0008";"3";"";"84,43";"";"-5,74";"-5,74";"";"";"";"";"";"";"-";"";"-25,08";"-18,81";"-15,04";"";"19,76";"19,76";"53,61";"";"23,40";"105,05";"16 917";"6,80";"22";"13,64";"28,14"
"Tabla de Madera para Filetes de 35 x 25 Plato para Barbacoa de Roble Sólido - Plato de Corte Natural Grueso - Durabilidad y Calidad (Large) COG: 4,73 / Price: 25,8";"B08YKGCV8F";"KB0002";"3";"";"74,4";"";"-11,14";"-11,14";"";"";"";"";"";"";"-";"";"-29,51";"-14,19";"-12,90";"";"6,66";"6,66";"33,75";"";"8,95";"46,93";"174 110";"14,97";"122";"2,46";"24,80"
"Northstar Soporte de Carga para teléfonos móviles Llaves Carteras y Relojes Hombres Seres Queridos ya Sea por su Aniversariodía Festivo Regalo Padre Dia del Padre Regalos (Negro) COG: 6,12 / Price: 33,8";"B09FSZYGB4";"PP0007";"3";"1";"101,4";"";"-19,74";"-19,74";"";"";"";"";"";"33,33";"100";"-23,52";"-48,99";"-18,36";"-11,74";"";"-20,95";"-20,95";"3,03";"";"-20,66";"-114,11";"17 406";"19,47";"210";"1,43";"33,80"
"Soporte para Armas Montaje en Pared Exhibidores de sujeción Soporte Horizontal para Armas y Ganchos de Escopeta Almacene Cualquier Rifle Escopeta Madera Dura Gancho metalico (Wengué) COG: 5,85 / Price: 25,99";"B09QMK4HZF";"ARM0001";"3";"";"70,38";"";"";"";"";"";"";"";"";"";"-";"";"-23,88";"-17,55";"-8,68";"";"20,27";"20,27";"46,5";"";"28,80";"115,50";"53 438";"";"26";"11,54";"23,46"
"Northstar 0.6 Taza vikinga | Regalo Vikingo | Regalos vikingos para hombre | Jarra de cerveza | regalo hombre navidad | regalo hombre | una Señal | Recuerdo Retro | Hacha Vikinga COG: 6,98 / Price: 33,8";"B0CP2KD382";"BMP0011";"2";"1";"67,11";"";"-17,18";"-17,18";"";"";"";"";"";"50,00";"100";"-20,86";"-42,85";"-13,96";"-6,60";"-2,51";"-36,85";"-36,85";"-23,27";"";"-54,91";"-263,97";"27 049";"25,60";"126";"1,59";"33,56"
"Northstar Soporte de Carga para teléfonos móviles ceniceros Llaves Carteras y Relojes Hombres Seres Queridos ya Sea por su Aniversariodía Festivo o Solo como un Presente (Marrón) COG: 12,78 / Price: 30,49";"B07VC6GXYT";"SQ-H3G9-2L92";"2";"";"60,98";"";"-32,49";"-11,41";"";"-21,08";"";"";"";"";"-";"";"-20,61";"-25,56";"-10,58";"";"-28,26";"-28,26";"7,88";"";"-46,34";"-110,56";"";"53,28";"77";"2,60";"30,49"
"Northstar Soporte para armas Montaje en pared Exhibidores de sujeción Soporte horizontal para armas y ganchos de escopeta Almacene cualquier rifle Escopeta Madera dura (Marrón) COG: 4,48 / Price: 24,8";"B09J8W13DK";"UG-Y4LX-G244";"2";"";"49,6";"";"-2,84";"-2,84";"";"";"";"";"";"";"-";"";"-18,98";"-8,96";"-8,60";"";"10,22";"10,22";"27,78";"";"20,60";"114,06";"52 764";"5,73";"51";"3,92";"24,80"
"Northstar Soporte para Armas Montaje en Pared Exhibidores de sujeción Soporte Horizontal para Armas y Ganchos de Escopeta Almacene Cualquier Rifle Escopeta Madera Dura Diseño bifurcado (Wengué) COG: 4,71 / Price: 24,99";"B09QMLXZ27";"ARBI01";"2";"";"50,81";"";"-4,45";"-4,45";"";"";"";"";"";"";"-";"";"-22,37";"-9,42";"-8,82";"-0,69";"5,06";"5,06";"23,3";"";"9,96";"53,72";"39 439";"8,76";"48";"4,17";"25,41"
"Northstar Regalo para Hombres Soporte de Carga móviles con Ganchos para teléfonos Organizador móviles de Ceniza Natural Hombres Queridos Regalo para Esposo Esposa (Wengué) COG: 14,05 / Price: 28,75";"B0881MZGCF";"CJ-HT4E-OKZV";"2";"1";"57,5";"";"";"";"";"";"";"";"";"50,00";"-";"-11,12";"-17,22";"-28,1";"-4,99";"";"-3,93";"-3,93";"15,11";"";"-6,83";"-13,99";"65 924";"";"22";"9,09";"28,75"
"Northstar Estación de Acoplamiento de Madera para Teléfono con Cajón Organizador de Escritorio para Marido Regalos de Cumpleaños para Hombres Papá Regalo Padre Dia del Padre Regalos COG: 10,62 / Price: 41,8";"B0F2TDHQ83";"PPD006";"1";"";"40,8";"";"-17,14";"-17,14";"";"";"";"";"";"";"-";"";"-26,68";"-10,62";"-7,08";"";"-20,72";"-20,72";"-3,02";"";"-50,78";"-195,10";"45 717";"42,01";"91";"1,10";"40,80"
"Northstar Soporte de Madera para Teléfono Móvil, Organizador de Mesita de Noche, Organizador de Escritorio para Marido, Regalos de Cumpleaños para Hombres Regalo Padre Dia del Padre Regalos COG: 5,5 / Price: 32,8";"B0DHH7P6QQ";"73-EFLH-T6DR";"1";"";"32,8";"";"";"";"";"";"";"";"";"";"-";"";"-9,62";"-5,5";"-5,69";"";"11,99";"11,99";"23,18";"";"36,55";"218,00";"481";"";"70";"1,43";"32,80"
"Tabla de Madera para Filetes de 30 x 20 Plato para Barbacoa de Roble Sólido - Plato de Corte Natural Grueso - Durabilidad y Calidad (Medium) COG: 3,5 / Price: 19,99";"B0B1DMS4YK";"KB0001";"1";"";"19,99";"";"-14,67";"-14,67";"";"";"";"";"";"";"-";"";"-14,82";"-3,5";"-3,47";"";"-16,47";"-16,47";"-9,5";"";"-82,39";"-470,57";"174 110";"73,39";"96";"1,04";"19,99"
"Northstar Soporte de Madera para Teléfono Móvil, Organizador de Mesita de Noche, Organizador de Escritorio para Marido, Regalos de Cumpleaños para Hombres Regalo Padre Dia del Padre Regalos COG: 0 / Price: 42,24";"B0DHH7P6QQ";"G4-DZI9-VU2J";"";"";"";"";"";"";"";"";"";"";"";"";"-";"";"";"";"";"";"";"";"";"";"";"";"481";"";"62";"";""
"Northstar Soporte de Carga para teléfonos móviles ceniceros Llaves Carteras y Relojes Hombres Seres Queridos ya Sea por su Aniversariodía Festivo o Solo como un Presente (Marrón) COG: 0 / Price: 0";"B07VC6GXYT";"14-0XE4-GZ9F";"";"";"";"";"-16,35";"";"";"-16,35";"";"";"";"";"-";"";"";"";"";"";"-16,35";"-16,35";"-16,35";"";"";"";"";"";"6";"";""
"Soporte para Armas Montaje en Pared Exhibidores de sujeción Soporte Horizontal para Armas y Ganchos de Escopeta Almacene Cualquier Rifle Escopeta Madera Dura Gancho metalico (Wengué) COG: 5,85 / Price: 32,8";"B09QMK4HZF";"ARM001";"";"";"";"";"";"";"";"";"";"";"";"";"-";"";"";"";"";"";"";"";"";"";"";"";"53 438";"";"19";"";""
"Northstar 0.6 Tazas Vikingas | el Dragón | Jarra cerveza vikinga | Cerveza regalo | Regalos Hombre Navidad | Regalos cerveza | Jarra de Cerveza | Productos Vikingos | Vikingos Accesorios COG: 5,4 / Price: 24,8";"B0CN1H8G38";"BMP0012";"";"";"";"";"-6,43";"-6,43";"";"";"";"";"";"";"-";"";"";"";"";"";"-6,43";"-6,43";"-6,43";"";"";"";"";"";"58";"";""
"Northstar Jarra de cerveza Vikinga hecha a mano de madera natural y de acero inoxidable para hombre 0.6 litros (20 onzas) | regalos para un padre | Día de San Valentín | Aniversario Día (Beige) COG: 7,41 / Price: 29,8";"B0BRSR5KJS";"BMT002";"";"";"";"";"";"";"";"";"";"";"";"";"-";"";"";"";"";"";"";"";"";"";"";"";"";"";"25";"";""
"Northstar Soporte para armas Montaje en pared Exhibidores de sujeción Soporte horizontal para armas y ganchos de escopeta Almacene cualquier rifle Escopeta Madera dura COG: 4,48 / Price: 23,9";"B0B6WC5SST";"Y4-OT79-ACBA";"";"";"";"";"-16,35";"";"";"-16,35";"";"";"";"";"-";"";"-3,12";"";"";"";"-19,47";"-19,47";"-19,47";"";"";"";"52 764";"";"";"";""
"Holzsteakbrett 30 x 20 Massiv Eiche Servier Grillplatte Naturdicke Schneidplatte - Langlebig & Qualität (Small) COG: 8,85 / Price: 24,8";"B07QS323RP";"5L-OS15-NL0S";"";"";"";"";"";"";"";"";"";"";"";"";"-";"";"";"";"";"";"";"";"";"";"";"";"";"";"13";"";""
"Snijplank van hout, 35 x 25 cm, steakbord, snijplank voor het serveren van vlees, voor burgers, kaas, grill, friet, dienblad van hout, keukenplank, accessoires voor de keuken COG: 0 / Price: 25,8";"B0BQCSFHQH";"KB0004";"";"";"";"";"";"";"";"";"";"";"";"";"-";"";"";"";"";"";"";"";"";"";"";"";"";"";"5";"";""
"Holz Telefon Dockingstation Asche Baum Geldbörsenständer Schlüsselhalter & Uhren Organisator Herren Weihnachten Geschenk Ehemann Geburtstag Gadgets Kompatibel mit iPhone iWatch AirPods COG: 0 / Price: 26,8";"B07XC1BT6Z";"OR-9X9F-DHJQ";"";"";"";"";"";"";"";"";"";"";"";"";"-";"";"";"";"";"";"";"";"";"";"";"";"";"";"";"";""
"Northstar Soporte para tabla de surf, madera de fresno, pantalla ecológica, acabado natural, tabla de snowboard, wakeboard, marrón grande COG: 13,52 / Price: 25";"B0BX49F4HG";"AS0004";"";"";"";"";"";"";"";"";"";"";"";"";"-";"";"";"";"";"";"";"";"";"";"";"";"";"";"7";"";""
"Northstar Wikinger krug für Bier Mjölnir 0,6 Liter | Bierkrug für Männer | Becher | Maßkrug | Bier Geschenk | Geschenkideen für Männer, Geschenk Vatertag (4 Thors Hammer) COG: 30,68 / Price: 109,99";"B0G4WCNZXS";"BM0017";"";"";"";"";"";"";"";"";"";"";"";"";"-";"";"";"";"";"";"";"";"";"";"";"";"";"";"10";"";""
"Northstar Chope viking pour bière 0,6 l | Chope à bière pour homme | Tasse | Chope à bière | Cadeau de bière | Idée cadeau pour homme, cadeau de fête des pères (4 pièces Viking Marron) COG: 30,68 / Price: 109,99";"B0G498383C";"BM0024";"";"";"";"";"";"";"";"";"";"";"";"";"-";"";"";"";"";"";"";"";"";"";"";"";"";"";"8";"";""
"Northstar Soporte para armas Montaje en pared Exhibidores de sujeción Soporte horizontal para armas y ganchos de escopeta Almacene cualquier rifle Escopeta Madera dura COG: 4,48 / Price: 24,52";"B0B6WC5SST";"XV-BOT3-21US";"";"";"";"";"-16,35";"";"";"-16,35";"";"";"";"";"-";"";"";"";"";"";"-16,35";"-16,35";"-16,35";"";"";"";"52 764";"";"";"";""
"Amazon.it";"";"";"187";"3";"6 184,75";"";"-1 035,26";"-1 035,26";"";"";"";"";"";"1,60";"42,86";"-94,39";"-2 953,07";"-1 204,97";"-1 074,15";"-23,66";"-210,63";"-184,22";"2 078,57";"26,41";"-2,98";"-15,29";"561 862";"16,74";"5 796";"3,23";"33,07"
"Northstar Espositori per montaggio a parete per montaggio a parete Rack per armi orizzontali e ganci per fucili Conservare qualsiasi fucile Fucile a pompa Legno duro COG: 4,48 / Price: 25,8";"B09J8W13DK";"UG-Y4LX-G244";"24";"";"615,17";"";"-10,47";"-10,47";"";"";"";"";"";"";"-";"";"-298,26";"-107,52";"-110,88";"-10,05";"77,99";"77,99";"296,39";"";"12,68";"72,54";"45 193";"1,70";"120";"20,00";"25,63"
"Tazza di birra in legno di quercia fatta a mano Tazza in acciaio inossidabile Naturale ed ecologico 0,6 litri 20 once Barrel Brown COG: 6,54 / Price: 30,8";"B01LNOBGRM";"3I-GOR9-I5Y7";"17";"1";"484,71";"";"-74,37";"-74,37";"";"";"";"";"";"5,88";"100";"-18,66";"-220,18";"-111,18";"-74,10";"";"-16,25";"-16,25";"162,49";"";"-3,35";"-14,62";"81 735";"15,34";"343";"4,96";"28,51"
"Northstar Docking Station in Legno Massello di Frassino, Organizer da Comodino per Smartphone, Orologio, Portafoglio | Idea Regalo Uomo/Donna per Natale, Marito, Moglie, Papà (Marrone) COG: 6,12 / Price: 38,8";"B08YJR9HDL";"PP0005";"17";"";"665,1";"";"-212,31";"-212,31";"";"";"";"";"";"";"-";"";"-252,24";"-104,04";"-114,25";"-2,10";"-19,84";"-19,84";"198,45";"";"-2,98";"-19,07";"2 217";"31,92";"958";"1,77";"39,12"
"Boccale da birra vichingo da uomo 0,6 litri realizzato a mano in legno di quercia in acciaio inox design autentico regalo san valentino per lui e lei regalo di compleanno regalo per la festa del papà COG: 7,44 / Price: 37,8";"B0BRSMB6M9";"BMT003";"16";"";"594,78";"";"-41,8";"-41,8";"";"";"";"";"";"";"-";"";"-246,72";"-119,04";"-107,32";"";"74,96";"74,96";"301,32";"";"12,60";"62,97";"13 443";"7,03";"316";"5,06";"37,17"
"Northstar Docking Station in legno di frassino per smartphone, organizer da comodino con portachiavi, supporto per portafoglio e orologio, regalo per uomo papà marito, anniversario compleanno (Nero) COG: 6,12 / Price: 32,8";"B08YJLRHKX";"PP0004";"16";"1";"512,79";"";"-51,17";"-51,17";"";"";"";"";"";"6,25";"";"-27,84";"-255,78";"-97,92";"-86,67";"-3,30";"-9,89";"-9,89";"174,7";"";"-1,93";"-10,10";"18 253";"9,98";"227";"7,05";"32,05"
"Boccale di birra fatto a mano in legno di rovere con acciaio inossidabile Ecologico naturale 0,6 litri (20 once) marrone retrò COG: 6,59 / Price: 30,8";"B01LYB4PKO";"69-YT0R-2WCS";"13";"";"390,4";"";"-39,72";"-39,72";"";"";"";"";"";"";"-";"";"-190,06";"-85,67";"-70,35";"";"4,60";"4,60";"160,62";"";"1,18";"5,37";"101 181";"10,17";"245";"5,31";"30,03"
"Northstar Docking Station in Legno Massello di Frassino, Organizer da Comodino per Smartphone, Orologio, Portafoglio | Idea Regalo Uomo/Donna per Natale, Marito, Moglie, Papà (Nero) COG: 6,12 / Price: 34,8";"B09FSZYGB4";"PP0007";"13";"";"446,12";"";"-89,29";"-89,29";"";"";"";"";"";"";"100";"-0,75";"-296,34";"-79,56";"-75,36";"";"-95,18";"-95,18";"59,74";"";"-21,34";"-119,63";"2 217";"20,01";"470";"2,77";"34,32"
"Northstar Docking station per cellulare in legno, organizer da comodino, organizer da scrivania per marito, regalo di compleanno per uomini o papà, idea per anniversario, portachiavi, supporto per COG: 5,5 / Price: 34,8";"B0DHH7P6QQ";"73-EFLH-T6DR";"9";"";"316,52";"";"-4,11";"-4,11";"";"";"";"";"";"";"-";"";"-119,4";"-49,5";"-57,07";"-4,89";"81,55";"81,55";"188,12";"";"25,76";"164,75";"2 217";"1,30";"117";"7,69";"35,17"
"Northstar Docking Station in Legno Massello di Frassino, Organizer da Comodino per Smartphone, Orologio, Portafoglio | Idea Regalo Uomo/Donna per Natale, Marito, Moglie, Papà (Beige) COG: 6,12 / Price: 34,8";"B08YJ5Y672";"PP0006";"9";"";"313,2";"";"-66,6";"-66,6";"";"";"";"";"";"";"-";"";"-133,22";"-55,08";"-56,52";"";"1,78";"1,78";"113,38";"";"0,57";"3,23";"2 217";"21,26";"313";"2,88";"34,80"
"Tagliere in Legno 40 x 30 - Piatto da Bistecca - Tagliere per Servire Carne - Vassoio in Legno - Tagliere da Cucina - Accessori per Cucina Multiuso (XL) COG: 6 / Price: 35,99";"B09RX2WX88";"KB0003";"7";"";"233,79";"";"-4,65";"-4,65";"";"";"";"";"";"";"";"-6";"-137,15";"-42";"-37,14";"-3,32";"3,53";"3,53";"88,67";"";"1,51";"8,40";"66 020";"1,99";"66";"10,61";"33,40"
"Northstar Boccale Birra Vichingo in Legno 0,6L - Tazza con Interno in Acciaio Inossidabile,Zampe Di Lupo Marrone regalo san valentino per lui e lei regalo di compleanno regalo per la festa del papà COG: 7,01 / Price: 36,8";"B0CN6XQ611";"BMP0009";"7";"";"249,59";"";"-67,29";"-67,29";"";"";"";"";"";"";"-";"";"-91,53";"-49,07";"-45,04";"";"-5,81";"-5,81";"88,3";"";"-2,33";"-11,84";"13 443";"26,96";"301";"2,33";"35,66"
"Northstar, Stazione di ricarica per telefono in legno di frassino, con funzione di organizer per tenere chiavi, portafoglio e orologi, da uomo, idea regalo per anniversari, compleanni, lauree COG: 6,36 / Price: 31,8";"B09PNKKS78";"PP0001GS";"7";"";"210,6";"";"-20,29";"-20,29";"";"";"";"";"";"";"-";"";"-126,88";"-44,52";"-37,95";"";"-19,04";"-19,04";"63,43";"";"-9,04";"-42,77";"18 253";"9,63";"143";"4,90";"30,09"
"Northstar 0.6 Tazza Vichinga | Birra Viking | Regalo da Uomo per Natale | Boccale birra in legno vichingo | Regalo Uomo | Regalo Natale | Boccale vichingo | il Segno di Odino COG: 6,98 / Price: 35,8";"B0CP2KD382";"BMP0011";"5";"";"176";"";"";"";"";"";"";"";"";"";"-";"";"-95,92";"-34,9";"-31,76";"";"13,42";"13,42";"80,08";"";"7,63";"38,45";"13 443";"";"123";"4,07";"35,20"
"Northstar Docking station in legno per telefono con cassetto, organizer da comodino, organizer da scrivania per marito, regali di compleanno per uomo o papà, idea di COG: 9,51 / Price: 42,8";"B0DQQCZGLP";"PPD007";"5";"";"205";"";"";"";"";"";"";"";"";"";"-";"";"-77,11";"-47,55";"-36,98";"";"43,36";"43,36";"127,89";"";"21,15";"91,19";"195 902";"";"100";"5,00";"41,00"
"Northstar Boccale Birra Vichingo in Legno 0,6L - Tazza con Interno in Acciaio Inossidabile Albero Della Vita Marrone regalo san valentino per lui e lei regalo di compleanno regalo per la festa del papà COG: 7,01 / Price: 36,8";"B0CP2C594Q";"BMP0010";"4";"1";"141,2";"";"-17,15";"-17,15";"";"";"";"";"";"25,00";"";"-30,52";"-64,2";"-28,04";"-19,20";"";"-17,91";"-17,91";"29,33";"";"-12,68";"-63,87";"13 443";"12,15";"142";"2,82";"35,30"
"Northstar Docking station per telefono in legno con cassetto, organizer da comodino, organizzatore da scrivania per marito, regalo di compleanno per uomini, papà, idea di compleanno, portachiavi COG: 10,62 / Price: 42,8";"B0F2TDHQ83";"PPD006";"3";"";"126,4";"";"-45,42";"-45,42";"";"";"";"";"";"";"-";"";"-59,54";"-31,86";"-22,80";"";"-33,22";"-33,22";"21,44";"";"-26,28";"-104,27";"43 780";"35,93";"163";"1,84";"42,13"
"Northstar - Docking station per telefono in legno per uomo, organizer da scrivania o da comodino, regalo di compleanno per uomini, papà, idea di anniversario della moglie - portachiavi, supporto COG: 6,12 / Price: 31,8";"B0FGJXKQFB";"PP0013";"3";"";"95,4";"";"-30,5";"-30,5";"";"";"";"";"";"";"-";"";"-67,75";"-18,36";"-17,19";"";"-38,40";"-38,40";"-2,85";"";"-40,25";"-209,15";"18 253";"31,97";"158";"1,90";"31,80"
"Northstar Stazione di ricarica telefono in legno con cassetto - Organizer da comodino - Organizer da scrivania per marito - Idee regalo di compleanno per uomini, papà, anniversario, portachiavi COG: 10,62 / Price: 42,8";"B0F2T5SPFZ";"PPD004";"2";"";"83,6";"";"-19,57";"-19,57";"";"";"";"";"";"";"";"-10,62";"-44,51";"-21,24";"-15,08";"";"-27,42";"-27,42";"19,52";"";"-32,80";"-129,10";"31 999";"23,41";"150";"1,33";"41,80"
"Northstar 0.6 Tazza Vichinga Birra Viking Vichingo Boccale birra in legno vichingo Regalo Uomo Boccale vichingo Thor regalo san valentino per lui e lei regalo di compleanno regalo per la festa del papà COG: 7,59 / Price: 32,6";"B0CN1J44VC";"BM0010";"2";"";"71,6";"";"-165,35";"-165,35";"";"";"";"";"";"";"-";"";"-43,1";"-15,18";"-12,92";"";"-164,95";"-164,95";"-136,85";"";"-230,38";"-1 086,63";"13 443";"230,94";"573";"0,35";"35,80"
"Tagliere in Legno 35 x 25 - Piatto da Bistecca - Tagliere per Servire Carne - Vassoio in Legno - Tagliere da Cucina - Accessori per Cucina Multiuso (L) COG: 4,73 / Price: 22,44";"B08YKGCV8F";"KB0002";"2";"";"59,98";"";"-8,58";"-8,58";"";"";"";"";"";"";"-";"";"-31,3";"-9,46";"-10,82";"";"-0,18";"-0,18";"20,1";"";"-0,30";"-1,90";"66 020";"14,30";"77";"2,60";"29,99"
"Northstar Docking Station in legno per smartphone Supporto portafoglio Supporto orologio Regalo da uomo Marito Moglie Natale Regalo per papà Supporto da comodino Legno massello in frassino COG: 12,78 / Price: 32,8";"B07VC6GXYT";"SQ-H3G9-2L92";"2";"";"64,6";"";"-4,75";"-4,75";"";"";"";"";"";"";"-";"";"-32,22";"-25,56";"-11,64";"";"-9,57";"-9,57";"27,63";"";"-14,81";"-37,44";"18 253";"7,35";"27";"7,41";"32,30"
"Northstar Espositori per Montaggio a Parete per Montaggio a Parete Rack per Armi Orizzontali e Ganci per Fucili Conservare Qualsiasi Fucile Fucile a Pompa Legno Duro Gancio in Metallo (Wenge) COG: 5,85 / Price: 31,8";"B09QMK4HZF";"ARM0001";"2";"";"61,6";"";"";"";"";"";"";"";"";"";"-";"";"-23,46";"-11,7";"-11,10";"";"15,34";"15,34";"38,14";"";"24,90";"131,11";"38 898";"";"19";"10,53";"30,80"
"Northstar Stazione di ricarica telefono in legno con cassetto - Organizer da comodino - Organizer da scrivania per marito - Idee regalo di compleanno per uomini, papà, anniversario, portachiavi COG: 10,62 / Price: 41,8";"B0F2T8BPK5";"PPD005";"1";"";"41,8";"";"-32,61";"-32,61";"";"";"";"";"";"";"-";"";"-20,51";"-10,62";"-7,54";"";"-29,48";"-29,48";"-11,32";"";"-70,53";"-277,59";"31 999";"78,01";"133";"0,75";"41,80"
"Northstar 0.6 Tazza Vichinga | Drago | Birra Viking | Vichingo | Boccale birra in legno vichingo | Regalo Uomo | Regalo Natale Uomo | Boccale birra in legno | Boccale vichingo | Bicchiere Vichingo COG: 5,4 / Price: 24,8";"B0CN1H8G38";"BMP0012";"1";"";"24,8";"";"-2,35";"-2,35";"";"";"";"";"";"";"-";"";"-12,59";"-5,4";"-4,47";"";"-0,01";"-0,01";"9,86";"";"-0,04";"-0,19";"13 443";"9,48";"57";"1,75";"24,80"
"Northstar Docking station per cellulare in legno, organizer da comodino, organizer da scrivania per marito, regalo di compleanno per uomini o papà, idea per anniversario, portachiavi, supporto per COG: 0 / Price: 43,25";"B0DHH7P6QQ";"G4-DZI9-VU2J";"";"";"";"";"";"";"";"";"";"";"";"";"-";"";"-0,73";"";"";"";"-0,73";"-0,73";"-0,73";"";"";"";"2 217";"";"86";"";""
"Northstar Docking Station in legno per smartphone Supporto portafoglio Supporto orologio Regalo da uomo Marito Moglie Natale Regalo per papà Supporto da comodino Legno massello in frassino COG: 0 / Price: 0";"B07VC6GXYT";"14-0XE4-GZ9F";"";"";"";"";"";"";"";"";"";"";"";"";"-";"";"";"";"";"";"";"";"";"";"";"";"18 253";"";"1";"";""
"MyFancyCraft Boccale da birra in legno, 284 ml, tazza da caffè, boccale da birra in legno, realizzato a mano, regali per uomini, festa del papà, Natale o compleanno, classico, marrone, confezione da 6 COG: 31,8 / Price: 102,68";"B07C779YC5";"S9-ZHU4-EDM5";"";"";"";"";"";"";"";"";"";"";"";"";"-";"";"";"";"";"";"";"";"";"";"";"";"";"";"8";"";""
"Northstar Porta fucili a pompa da muro | Supporti a Muro per Fucili | Ganci da muro | Ganci di fissaggio a parete per tutti i fucili | Legno di frassino naturale con gancio in metallo COG: 6,27 / Price: 33,8";"B0BTTHD99C";"AR0008";"";"";"";"";"-15,8";"-15,8";"";"";"";"";"";"";"-";"";"-0,45";"";"";"";"-16,25";"-16,25";"-16,25";"";"";"";"111 473";"";"106";"";""
"Northstar Espositori per Montaggio a Parete per Montaggio a Parete Rack per Armi Orizzontali e Ganci per Fucili Conservare Qualsiasi Fucile Fucile a Pompa Legno Duro Gancio in Metallo (Wenge) COG: 5,85 / Price: 32,8";"B09QMK4HZF";"ARM001";"";"";"";"";"";"";"";"";"";"";"";"";"-";"";"";"";"";"";"";"";"";"";"";"";"38 898";"";"12";"";""
"Northstar Boccale da birra in Legno Vichingo 0.6 Lt (20 oz) | Fatto a mano | di rovere | Bicchiere interno in acciaio inossidabile | Regalo da Uomo | Natale Regalo | Idee Regalo (Beige) COG: 7,41 / Price: 28,8";"B0BRSR5KJS";"BMT002";"";"";"";"";"";"";"";"";"";"";"";"";"-";"";"";"";"";"";"";"";"";"";"";"";"";"";"32";"";""
"Tagliere in Legno 30 x 20 - Piatto da Bistecca - Tagliere per Servire Carne - Vassoio in Legno - Tagliere da Cucina - Accessori per Cucina Multiuso (M) COG: 3,5 / Price: 25,99";"B0B1DMS4YK";"KB0001";"";"";"";"";"-11,11";"-11,11";"";"";"";"";"";"";"-";"";"-3,87";"";"";"";"-14,98";"-14,98";"-14,98";"";"";"";"66 020";"";"90";"";""
"Northstar Espositori per montaggio a parete per montaggio a parete Rack per armi orizzontali e ganci per fucili Conservare qualsiasi fucile Fucile a pompa Legno duro COG: 4,48 / Price: 20,33";"B0B6WC5SST";"Y4-OT79-ACBA";"";"";"";"";"";"";"";"";"";"";"";"";"-";"";"-5,99";"";"";"";"-5,99";"-5,99";"-5,99";"";"";"";"45 193";"";"";"";""
"Holzsteakbrett 30 x 20 Massiv Eiche Servier Grillplatte Naturdicke Schneidplatte - Langlebig & Qualität (Small) COG: 8,85 / Price: 25,49";"B07QS323RP";"5L-OS15-NL0S";"";"";"";"";"";"";"";"";"";"";"";"";"-";"";"";"";"";"";"";"";"";"";"";"";"";"";"8";"";""
"Espositori per Montaggio a Parete per Montaggio a Parete Rack per Armi Orizzontali e Ganci per Fucili Conservare Qualsiasi Fucile Fucile a Pompa Legno Duro Design ad albero biforcuto (Wenge) COG: 4,71 / Price: 32,8";"B09QMLXZ27";"ARBI01";"";"";"";"";"";"";"";"";"";"";"";"";"-";"";"";"";"";"";"";"";"";"";"";"";"";"";"27";"";""
"Northstar Docking Station in Legno Massello di Frassino - Organizer Smartphone con Ganci Portachiavi, Idea Regalo di Natale per Uomo, Papà e Marito, Wenge COG: 14,05 / Price: 29,8";"B0881MZGCF";"CJ-HT4E-OKZV";"";"";"";"";"";"";"";"";"";"";"";"";"-";"";"";"";"";"";"";"";"";"";"";"";"";"";"18";"";""
"Regalo da Uomo Supporto per telefono Doppia Docking Station per Telefono con Ganci Natale Regalo da Uomo regalo per Marito Anniversario Regalo per papà Supporto da comodino in noce naturale (Bronzo) COG: 0 / Price: 56,8";"B084G88WDC";"FW-DHFX-U2R4";"";"";"";"";"";"";"";"";"";"";"";"";"-";"";"-0,17";"";"";"";"-0,17";"-0,17";"-0,17";"";"";"";"561 862";"";"22";"";""
"Holz Telefon Dockingstation Asche Baum Geldbörsenständer Schlüsselhalter & Uhren Organisator Herren Weihnachten Geschenk Ehemann Geburtstag Gadgets Kompatibel mit iPhone iWatch AirPods COG: 0 / Price: 24,8";"B07XC1BT6Z";"OR-9X9F-DHJQ";"";"";"";"";"";"";"";"";"";"";"";"";"-";"";"";"";"";"";"";"";"";"";"";"";"";"";"3";"";""
"MyFancyCraft Set di 6 tazze da birra da 591 ml, in acciaio inossidabile e legno, regalo fatto a mano per uomo, idea per festa del papà, Natale COG: 39 / Price: 149,8";"B06X9LNZPJ";"OO-A269-AGEC";"";"";"";"";"";"";"";"";"";"";"";"";"-";"";"-1,89";"";"";"";"-1,89";"-1,89";"-1,89";"";"";"";"101 181";"";"22";"";""
"Northstar Wikinger krug für Bier Mjölnir 0,6 Liter | Bierkrug für Männer | Becher | Maßkrug | Bier Geschenk | Geschenkideen für Männer, Geschenk Vatertag (4 Thors Hammer) COG: 30,68 / Price: 119";"B0G4WCNZXS";"BM0017";"";"";"";"";"";"";"";"";"";"";"";"";"-";"";"";"";"";"";"";"";"";"";"";"";"";"";"8";"";""
"Northstar Brocca vichinga per birra 0,6 litri | Brocca da birra per uomini | Bicchiere | Misuratore | Regalo di birra | Idee regalo per uomini, regalo per la festa del papà (4 pezzi brocca vichinga COG: 30,68 / Price: 119";"B0G498383C";"BM0024";"";"";"";"";"";"";"";"";"";"";"";"";"-";"";"";"";"";"";"";"";"";"";"";"";"";"";"10";"";""
"Northstar Espositori per montaggio a parete per montaggio a parete Rack per armi orizzontali e ganci per fucili Conservare qualsiasi fucile Fucile a pompa Legno duro COG: 10,14 / Price: 32,8";"B09J8W13DK";"EG-RY08-XTU8";"";"";"";"";"";"";"";"";"";"";"";"";"-";"";"";"";"";"";"";"";"";"";"";"";"45 193";"";"1";"";""
"Northstar Espositori per montaggio a parete per montaggio a parete Rack per armi orizzontali e ganci per fucili Conservare qualsiasi fucile Fucile a pompa Legno duro COG: 10,14 / Price: 25,14";"B09J8W13DK";"DC-9UBV-6D8X";"";"";"";"";"";"";"";"";"";"";"";"";"-";"";"";"";"";"";"";"";"";"";"";"";"45 193";"";"1";"";""
"Amazon.nl";"";"";"29";"";"874,6";"";"-27,29";"-27,29";"";"";"";"";"";"";"-";"";"-213,36";"-185,99";"-147,64";"-2,49";"295,32";"246,30";"628,95";"-49,02";"28,16";"132,43";"134 721";"3,12";"613";"4,73";"30,16"
"Handgemaakte Bierpul Eikenhouten Roestvrijstalen Beker Natuurlijk Eco-vriendelijk 0,6 liter 20 ounces Barrel Brown COG: 6,54 / Price: 28,8";"B01LNOBGRM";"3I-GOR9-I5Y7";"7";"";"199,79";"";"-6,98";"-6,98";"";"";"";"";"";"";"-";"";"-61,79";"-45,78";"-30,52";"";"52,21";"52,21";"128,51";"";"26,13";"114,05";"8 513";"3,49";"64";"10,94";"28,54"
"Northstar Viking Biermok Tankard voor mannen - 0,6 liter 20 oz Handgemaakte eikenhouten roestvrijstalen beker authentiek ontwerp kerstcadeau | Verjaardagscadeau|Geschenken voor mannen Vaderdag cadeau COG: 7,44 / Price: 30,8";"B0BRSMB6M9";"BMT003";"4";"";"123,2";"";"-3,63";"-3,63";"";"";"";"";"";"";"-";"";"10,39";"-29,76";"-21,40";"";"78,80";"78,80";"129,96";"";"63,96";"264,78";"24 298";"2,95";"68";"5,88";"30,80"
"Handgemaakte Bierpul Eikenhout Roestvrijstalen Beker Natuurlijk Milieuvriendelijk Houten Bierpul 0,6L 20oz Klassiek Bruin (Retro 20 oz / 0,6l) COG: 6,59 / Price: 28,8";"B01LYB4PKO";"69-YT0R-2WCS";"3";"";"86,4";"";"-6,06";"-6,06";"";"";"";"";"";"";"-";"";"-28,1";"-19,77";"-15,00";"";"17,47";"17,47";"52,24";"";"20,22";"88,37";"72 376";"7,01";"200";"1,50";"28,80"
"Northstar Vikingmok, 0,6 liter, houten bierpul met levensboom, gravure, biercadeau, Vikingkelk, middeleeuwse beker, bierpull, cadeau voor bierliefhebbers, vaderdagcadeau (boom, bruin) COG: 7,01 / Price: 29,8";"B0CP2C594Q";"BMP0010";"2";"";"59,6";"";"";"";"";"";"";"";"";"";"-";"";"-3,58";"-14,02";"-10,34";"";"31,66";"31,66";"56,02";"";"53,12";"225,82";"48 425";"";"24";"8,33";"29,80"
"Houten Telefoon Docking Station Sleutelhouder Portemonnee Stand Horloge Organizer Mannen Cadeau Echtgenoot Echtgenote Vader Verjaardag Portemonnee Mannelijk Gadgets Massief As (Zwart) COG: 6,12 / Price: 25,99";"B08YJLRHKX";"PP0004";"2";"";"51,98";"";"";"";"";"";"";"";"";"";"-";"";"-17,38";"-12,24";"-9,02";"";"13,34";"13,34";"34,6";"";"25,66";"108,99";"6 771";"";"15";"13,33";"25,99"
"Northstar Wapenrek voor wandmontage Hold Up Displays Horizontaal geweerrek en jachtgeweerhaken Bewaar alle geweren Shotgun Real Hardwood (bruin) COG: 4,48 / Price: 32,8";"B09J8W13DK";"UG-Y4LX-G244";"2";"";"65,6";"";"";"";"";"";"";"";"";"";"-";"";"-17,96";"-8,96";"-11,38";"";"27,30";"27,30";"47,64";"";"41,62";"304,69";"13 314";"";"28";"7,14";"32,80"
"Wapenrek Wandmontage Hold Up Displays Horizontaal Wapenrek en Shotgun Haken Bewaar Geweer Shotgun Boog Echt Hardhout Hanger Gevorkt (Wenge) COG: 4,71 / Price: 38,34";"B09QMLXZ27";"ARBI01";"2";"";"76,68";"";"";"";"";"";"";"";"";"";"-";"";"-19,98";"-9,42";"-13,30";"";"33,98";"33,98";"56,7";"";"44,31";"360,72";"21 596";"";"26";"7,69";"38,34"
"Houten Telefoon Docking Station Sleutelhouder Portemonnee Stand Horloge Organizer Mannen Cadeau Echtgenoot Echtgenote Vader Verjaardag Portemonnee Mannelijk Gadgets Massief As (Diep bruin) COG: 6,36 / Price: 25,99";"B09PNKKS78";"PP0001GS";"2";"";"51,98";"";"";"";"";"";"";"";"";"";"-";"";"-9,42";"-12,72";"-9,02";"";"20,82";"20,82";"42,56";"";"40,05";"163,68";"6 771";"";"11";"18,18";"25,99"
"Northstar Houten telefoondockingstation met lade - Nachtkastje Organizer - Bureauorganizer voor echtgenoot - verjaardagscadeaus voor mannen, vader, jubileumidee, sleutelhouder standaard horloge en COG: 10,62 / Price: 39,8";"B0F2T8BPK5";"PPD005";"1";"";"42,79";"";"";"";"";"";"";"";"";"";"-";"";"-17,68";"-10,62";"-7,43";"-2,49";"4,57";"4,57";"22,62";"";"10,68";"43,03";"14 389";"";"13";"7,69";"42,79"
"Northstar Wapenrek Wandmontage Houdt Horizontale Wapenrek en Jachtgeweerhaken Op Berging Geweer Jachtgeweer Boog Echte Hardhouten Hanger Metaal (Wenge) COG: 5,85 / Price: 27,99";"B09QMK4HZF";"ARM001";"1";"";"27,99";"";"";"";"";"";"";"";"";"";"-";"";"-10,24";"-5,85";"-4,86";"";"7,04";"7,04";"17,75";"";"25,15";"120,34";"52 168";"";"12";"8,33";"27,99"
"Houten steakplank 30 x 20 massief eiken Serveerbarbecueschotel Natuurlijke dikke snijplaat Duurzaam en kwaliteit (Large) COG: 4,73 / Price: 24,8";"B08YKGCV8F";"KB0002";"1";"";"24,8";"";"";"";"";"";"";"";"";"";"-";"";"-8,11";"-4,73";"-4,30";"";"7,66";"7,66";"16,69";"";"30,89";"161,95";"39 183";"";"10";"10,00";"24,80"
"Steakplank van hout, 16 x 12 cm, biefstuk serveerplank, massief eiken, snijplank, steaksnijplank, steakschaal, natuurlijke snijplank (extra groot) COG: 6 / Price: 32,8";"B09RX2WX88";"KB0003";"1";"";"32,8";"";"";"";"";"";"";"";"";"";"-";"";"-11,28";"-6";"-5,69";"";"9,83";"9,83";"21,52";"";"29,97";"163,83";"39 183";"";"10";"10,00";"32,80"
"Houten Telefoon Docking Station Sleutelhouder Portemonnee Stand Horloge Organizer Mannen Cadeau Echtgenoot Echtgenote Vader Verjaardag Portemonnee Mannelijk Gadgets donkere as COG: 6,12 / Price: 30,99";"B08YJR9HDL";"PP0005";"1";"";"30,99";"";"";"";"";"";"";"";"";"";"-";"";"-8,66";"-6,12";"-5,38";"";"10,83";"10,83";"22,33";"";"34,95";"176,96";"";"";"33";"3,03";"30,99"
"Houten Telefoon Docking Station Sleutelhouder Portemonnee Stand Horloge Organizer Mannen Cadeau Echtgenoot Echtgenote Vader Verjaardag Portemonnee Mannelijk Gadgets Massief As (Bruin) COG: 0 / Price: 0";"B07VC6GXYT";"14-0XE4-GZ9F";"";"";"";"";"";"";"";"";"";"";"";"";"-";"";"";"";"";"";"";"";"";"";"";"";"";"";"";"";""
"Northstar Houten telefoondockingstation met lade - Nachtkastje Organizer - Bureauorganizer voor echtgenoot - verjaardagscadeaus voor mannen, vader, jubileumidee, sleutelhouder, standaard horloge en COG: 10,62 / Price: 51,39";"B0F2T5SPFZ";"PPD004";"";"";"";"";"";"";"";"";"";"";"";"";"-";"";"";"";"";"";"";"";"";"";"";"";"";"";"4";"";""
"Northstar Houten telefoondockingstation met lade, nachtkastorganizer, bureau-organizer voor echtgenoot, verjaardagscadeau voor mannen, papa, verjaardagsidee, sleutelhanger COG: 10,62 / Price: 39,8";"B0F2TDHQ83";"PPD006";"";"";"";"";"";"";"";"";"";"";"";"";"-";"";"-9";"";"";"";"-9,00";"-9,00";"-9";"";"";"";"134 721";"";"5";"";""
"Northstar Wapenmuurbevestiging | Echt essenhout met metalen haak | Muurbevestiging voor geweren | Geweerhouder voor geweer, jachtgeweer, enz. | Wapenopslag | Presentatiehaken | Jachtgeweer accessoires COG: 6,27 / Price: 39,78";"B0BTTHD99C";"AR0008";"";"";"";"";"";"";"";"";"";"";"";"";"-";"";"";"";"";"";"";"";"";"";"";"";"";"";"13";"";""
"0,6 L Eikenhouten Biermok - Thor-mok | Biercadeaus voor Mannen Verjaardag - Vikingcadeaus | Ideaal als Kerstcadeau voor Wie Alles Heeft | Roestvrijstalen Tankard - Thorhamer COG: 7,59 / Price: 32,8";"B0CN1J44VC";"BM0010";"";"";"";"";"";"";"";"";"";"";"";"";"-";"";"";"";"";"";"";"";"";"";"";"";"";"";"12";"";""
"Northstar Viking Biermok Tankard voor mannen - 0,6 liter 20 oz Handgemaakte eikenhouten roestvrijstalen beker authentiek ontwerp kerstcadeau | Verjaardagscadeau|Geschenken voor mannen Vaderdag Gift COG: 6,98 / Price: 29,8";"B0CP2KD382";"BMP0011";"";"";"";"";"";"";"";"";"";"";"";"";"-";"";"";"";"";"";"";"";"";"";"";"";"";"";"12";"";""
"Northstar Viking Biermok Tankard voor mannen - 0,6 liter 20 oz Handgemaakte eikenhouten roestvrijstalen beker authentiek ontwerp kerstcadeau | Verjaardagscadeau | Geschenken voor mannen Vaderdag (Viking COG: 7,41 / Price: 29,8";"B0BRSR5KJS";"BMT002";"";"";"";"";"";"";"";"";"";"";"";"";"-";"";"";"";"";"";"";"";"";"";"";"";"";"";"2";"";""
"Northstar Steak Brett Servierbrett Holz Eichenholz 30x20cm (Medium) - Steak Servierplatte/Steakbrett Schneidebrett aus Massivholz Massiv/Holzbrett Küche/Vesperbrett Holz & Küchen Utensilien COG: 3,5 / Price: 26,8";"B0B1DMS4YK";"KB0001";"";"";"";"";"";"";"";"";"";"";"";"";"-";"";"";"";"";"";"";"";"";"";"";"";"";"";"1";"";""
"Northstar Holz Telefon Dockingstation & Schreibtisch Organizer mit Handyständer Beige für Büro Aufbewahrung & Organisation Tolle Geschenkideen für Männer Holz Männer Väter COG: 6,12 / Price: 43,8";"B08YJ5Y672";"PP0006";"";"";"";"";"";"";"";"";"";"";"";"";"-";"";"";"";"";"";"";"";"";"";"";"";"";"";"5";"";""
"Northstar Hout telefoonhouder as portemonnee en horloges Kerstmis geschenken voor mannen horloge organizer horloge organizer cadeau man vrouw verjaardag zwarte as (zwart) COG: 6,12 / Price: 44";"B09FSZYGB4";"PP0007";"";"";"";"";"";"";"";"";"";"";"";"";"-";"";"";"";"";"";"";"";"";"";"";"";"";"";"3";"";""
"Houten Telefoon Docking Station Sleutelhouder Portemonnee Stand Horloge Organizer Mannen Cadeau Echtgenoot Echtgenote Vader Verjaardag Portemonnee Mannelijk Gadgets Massief As (Bruin) COG: 12,78 / Price: 32,8";"B07VC6GXYT";"SQ-H3G9-2L92";"";"";"";"";"-10,62";"-10,62";"";"";"";"";"";"";"-";"";"";"";"";"";"-10,62";"-10,62";"-10,62";"";"";"";"";"";"6";"";""
"Holzsteakbrett 30 x 20 Massiv Eiche Servier Grillplatte Naturdicke Schneidplatte - Langlebig & Qualität (Small) COG: 8,85 / Price: 24,8";"B07QS323RP";"5L-OS15-NL0S";"";"";"";"";"";"";"";"";"";"";"";"";"-";"";"";"";"";"";"";"";"";"";"";"";"";"";"1";"";""
"Northstar Houten kruik, 0,6 l, origineel cadeau voor heren, Viking-design met wolf, kerstbier COG: 7,01 / Price: 29,8";"B0CN6XQ611";"BMP0009";"";"";"";"";"";"";"";"";"";"";"";"";"-";"";"";"";"";"";"";"";"";"";"";"";"";"";"9";"";""
"Northstar Wapenrek Wandmontage Houdt Horizontale Wapenrek en Jachtgeweerhaken Op Berging Geweer Jachtgeweer Boog Echte Hardhouten Hanger Metaal (Wenge) COG: 5,85 / Price: 22,99";"B09QMK4HZF";"ARM0001";"";"";"";"";"";"";"";"";"";"";"";"";"-";"";"";"";"";"";"";"";"";"";"";"";"52 168";"";"16";"";""
"Northstar Houten telefoondockingstation voor mannen, bureau- of nachtkastje, organizer voor verjaardagen, cadeaus voor mannen, vader, jubileumidee van vrouw, sleutelhouder, standaard, portemonnee COG: 6,12 / Price: 27,99";"B0FGJXKQFB";"PP0013";"";"";"";"";"";"";"";"";"";"";"";"";"-";"";"-0,57";"";"";"";"-0,57";"-0,57";"-0,57";"";"";"";"6 771";"";"10";"";""
"Amazon.com.be";"";"";"20";"";"612,86";"";"-0,3";"-0,3";"";"";"";"";"";"";"-";"";"-178,84";"-133,57";"-106,39";"-4,98";"186,35";"191,73";"426,31";"5,38";"31,28";"143,54";"94 868";"0,05";"288";"6,94";"30,64"
"Tasse de bière en bois de chêne fait à la main Tasse en acier inoxydable Naturel et écologique 0.6 litre 20 onces Barrel Brown COG: 6,54 / Price: 28,8";"B01LNOBGRM";"3I-GOR9-I5Y7";"5";"";"144";"";"";"";"";"";"";"";"";"";"-";"";"-44,01";"-32,7";"-25,00";"";"42,29";"42,29";"99,99";"";"29,37";"129,33";"42 700";"";"26";"19,23";"28,80"
"Tesyliar Tasse de 590 ml - Chope de bière Viking - Cadeau fait à la main pour homme | Fête des pères | Noël | Cadeaux d'anniversaire | Tasses nordiques COG: 7,59 / Price: 30,8";"B0CN1J44VC";"BM0010";"2";"";"61,6";"";"";"";"";"";"";"";"";"";"-";"";"-18,82";"-15,18";"-10,70";"";"16,90";"16,90";"42,78";"";"27,44";"111,33";"90 103";"";"15";"13,33";"30,80"
"Tesylar Chope viking pour bière 0,6 l | Chope à bière | Idée cadeau pour homme | Cadeau pour la fête des pères (marron) COG: 7,44 / Price: 32,8";"B0BRSMB6M9";"BMT003";"2";"";"68,59";"";"";"";"";"";"";"";"";"";"-";"";"-18,62";"-14,88";"-11,90";"-2,49";"20,70";"20,70";"47,48";"";"30,18";"139,11";"72 364";"";"21";"9,52";"34,30"
"Northstar Cadeau Homme Organisateur de Bureau Bois Support Téléphone Bureau Papa Noël Montre Anniversaire Noir COG: 6,12 / Price: 27,99";"B08YJLRHKX";"PP0004";"2";"";"55,98";"";"-0,3";"-0,3";"";"";"";"";"";"";"-";"";"-18,36";"-12,24";"-9,72";"";"15,36";"15,36";"37,32";"";"27,44";"125,49";"39 981";"0,54";"14";"14,29";"27,99"
"Northstar Cadeau pour homme - Station d'accueil en bois pour téléphone - Organisateur de bureau - Cadeaux pour les pères, cadeaux pour lui, cadeau de Noël, d'anniversaire de mariage, de table de nuit COG: 6,12 / Price: 30,99";"B08YJR9HDL";"PP0005";"2";"";"61,98";"";"";"";"";"";"";"";"";"";"-";"";"-16,96";"-12,24";"-10,76";"";"22,02";"22,02";"45,02";"";"35,53";"179,90";"3 532";"";"46";"4,35";"30,99"
"Northstar Chope à bière Viking pour homme – 0,6 l – Tasse en bois de chêne faite à la main en acier inoxydable – Design authentique – Cadeau de Noël | Cadeau d'anniversaire | Cadeau pour homme – Cadeau COG: 7,01 / Price: 30,8";"B0CP2C594Q";"BMP0010";"1";"";"30,8";"";"";"";"";"";"";"";"";"";"-";"";"-10,16";"-7,01";"-5,35";"";"8,28";"8,28";"20,64";"";"26,88";"118,12";"94 868";"";"16";"6,25";"30,80"
"Northstar Cadeau Homme Organisateur de Bureau Bois Support Telephone Bureau Support Montre Monnaie Idée Cadeau (Beige) COG: 6,12 / Price: 30,99";"B08YJ5Y672";"PP0006";"1";"";"30,99";"";"";"";"";"";"";"";"";"";"-";"";"-9,35";"-6,12";"-5,38";"";"10,14";"10,14";"21,64";"";"32,72";"165,69";"17 332";"";"23";"4,35";"30,99"
"Northstar Gun Rack Support mural Hold Up Displays Horizontal Gun Rack and Shotgun Hooks Store Carabine Shotgun Bow Vrai bois dur Cintre Fourchu (Wenge) COG: 4,71 / Price: 27,8";"B09QMLXZ27";"ARBI01";"1";"";"27,8";"";"";"";"";"";"";"";"";"";"-";"";"-8,61";"-4,71";"-4,82";"";"9,66";"9,66";"19,19";"";"34,75";"205,10";"32 954";"";"6";"16,67";"27,80"
"Northstar Chope à bière Viking pour homme – 0,6 l – Tasse en bois de chêne faite à la main en acier inoxydable – Design authentique – Cadeau de Noël | Cadeau d'anniversaire | Cadeau pour homme – Cadeau COG: 7,01 / Price: 30,8";"B0CN6XQ611";"BMP0009";"1";"";"30,8";"";"";"";"";"";"";"";"";"";"-";"";"-9,08";"-7,01";"-5,35";"";"9,36";"9,36";"21,72";"";"30,39";"133,52";"11 837";"";"8";"12,50";"30,80"
"Northstar Station d'accueil de téléphone en bois avec tiroir – Organiseur de table de nuit – Organisateur de bureau pour mari – Cadeau d'anniversaire pour homme ou papa – Idée d'anniversaire COG: 9,51 / Price: 38,55";"B0DQQCZGLP";"PPD007";"1";"";"41,54";"";"";"";"";"";"";"";"";"";"-";"";"-7,1";"-9,51";"-7,21";"";"15,29";"15,29";"32,01";"";"36,81";"160,78";"5 965";"";"10";"10,00";"41,54"
"Northstar Support mural horizontal pour fusil de chasse et crochets pour fusil de chasse en bois dur véritable (Wengé) COG: 5,85 / Price: 27,8";"B09QMK4HZF";"ARM0001";"1";"";"30,79";"";"";"";"";"";"";"";"";"";"-";"";"-7,19";"-5,85";"-5,34";"-2,49";"9,92";"9,92";"21,11";"";"32,22";"169,57";"6 458";"";"4";"25,00";"30,79"
"Northstar Station d'accueil de téléphone en bois pour homme - Organiseur de bureau ou de chevet - Cadeaux d'anniversaire pour hommes, papas - Idée d'anniversaire de la femme - Porte-clés, support COG: 6,12 / Price: 27,99";"B0FGJXKQFB";"PP0013";"1";"";"27,99";"";"";"";"";"";"";"";"";"";"-";"";"-10,39";"-6,12";"-4,86";"";"6,62";"6,62";"17,6";"";"23,65";"108,17";"39 981";"";"16";"6,25";"27,99"
"Northstar Cadeau Homme Organisateur de Bureau Bois Cadeau Fete des Peres Support Telephone Bureau Cadeau Papa Noël Cadeau Support Montre Cadeau Anniversaire Homme Support Porte Monnaie (Marron) COG: 0 / Price: 0";"B07VC6GXYT";"14-0XE4-GZ9F";"";"";"";"";"";"";"";"";"";"";"";"";"-";"";"";"";"";"";"";"";"";"";"";"";"";"";"";"";""
"Chope à bière faite à la main en bois de chêne et acier inoxydable naturel respectueux de l'environnement, 0,6 l, marron classique (rétro 0,6 l) COG: 6,59 / Price: 29,8";"B01LYB4PKO";"69-YT0R-2WCS";"";"";"";"";"";"";"";"";"";"";"";"";"-";"";"";"";"";"";"";"";"";"";"";"";"";"";"16";"";""
"Northstar Support mural horizontal pour fusil de chasse et crochets pour fusil de chasse en bois dur véritable (Wengé) COG: 5,85 / Price: 39,11";"B09QMK4HZF";"ARM001";"";"";"";"";"";"";"";"";"";"";"";"";"-";"";"";"";"";"";"";"";"";"";"";"";"6 458";"";"2";"";""
"Northstar Wikinger krug für Bier 0,6 Liter | Bierkrug für Männer | Becher | Maßkrug | Bier Geschenk | Geschenkideen für Männer, Geschenk Vatertagsgeschenk für Papa COG: 6,98 / Price: 32,8";"B0CP2KD382";"BMP0011";"";"";"";"";"";"";"";"";"";"";"";"";"-";"";"";"";"";"";"";"";"";"";"";"";"";"";"5";"";""
"Northstar Steak Brett Servierbrett Holz Eichenholz 30x20cm (Medium) - Steak Servierplatte/Steakbrett Schneidebrett aus Massivholz Massiv/Holzbrett Küche/Vesperbrett Holz & Küchen Utensilien COG: 3,5 / Price: 28,8";"B0B1DMS4YK";"KB0001";"";"";"";"";"";"";"";"";"";"";"";"";"-";"";"";"";"";"";"";"";"";"";"";"";"";"";"6";"";""
"Northstar Steak Brett Servierbrett Holz Eichenholz 35x25cm Groß - Steak Servierplatte Vesperbrett/Steakbrett Schneidebrett mit Kante/Holzbrett Küche/Holz Bretter & Küchen Utensilien aus Massivholz COG: 4,73 / Price: 36,8";"B08YKGCV8F";"KB0002";"";"";"";"";"";"";"";"";"";"";"";"";"-";"";"";"";"";"";"";"";"";"";"";"";"";"";"7";"";""
"Planche de service à steak en bois 40 X 30 - Planche en chêne durable et de qualité - Plateau de service pour barbecue COG: 6 / Price: 42,8";"B09RX2WX88";"KB0003";"";"";"";"";"";"";"";"";"";"";"";"";"-";"";"";"";"";"";"";"";"";"";"";"";"";"";"6";"";""
"Northstar Support de Téléphone en Bois Cendre Porte Porte-Monnaie et Montres Noël Cadeaux pour Hommes Organisateur de Montre Organisateur de Montre Cadeau de Mari Femme Anniversaire Cendre Noire (Noir) COG: 6,12 / Price: 30,99";"B09FSZYGB4";"PP0007";"";"";"";"";"";"";"";"";"";"";"";"";"-";"";"";"";"";"";"";"";"";"";"";"";"";"";"7";"";""
"Northstar Cadeau Homme Organisateur de Bureau Bois Cadeau Fete des Peres Support Telephone Bureau Cadeau Papa Noël Cadeau Support Montre Cadeau Anniversaire Homme Support Porte Monnaie (Marron) COG: 12,78 / Price: 32,79";"B07VC6GXYT";"SQ-H3G9-2L92";"";"";"";"";"";"";"";"";"";"";"";"";"-";"";"";"";"";"";"";"";"";"";"";"";"";"";"";"";""
"Northstar Gun Rack Support mural Hold Up Displays Horizontal Gun Rack and Shotgun Hooks Store All Rifle Shotgun Real Hardwood (Marron) Visitez la boutique Northstar COG: 4,48 / Price: 38,37";"B09J8W13DK";"UG-Y4LX-G244";"";"";"";"";"";"";"";"";"";"";"";"";"-";"";"";"";"";"";"";"";"";"";"";"";"81 966";"";"3";"";""
"Holzsteakbrett 30 x 20 Massiv Eiche Servier Grillplatte Naturdicke Schneidplatte - Langlebig & Qualität (Small) COG: 8,85 / Price: 19,59";"B07QS323RP";"5L-OS15-NL0S";"";"";"";"";"";"";"";"";"";"";"";"";"-";"";"";"";"";"";"";"";"";"";"";"";"";"";"4";"";""
"Holz Telefon Dockingstation Asche Baum mit Schlüsselanhänger Männer Geschenk Ehemann Frau Jubiläum Vater Geburtstag Nachttisch Geldbörse Vater Abschluss Männliche Reise Idee Gadgets (Wenge) COG: 14,05 / Price: 38";"B0881MZGCF";"CJ-HT4E-OKZV";"";"";"";"";"";"";"";"";"";"";"";"";"-";"";"";"";"";"";"";"";"";"";"";"";"";"";"2";"";""
"Cadeau pour homme en bois - Station d'accueil pour téléphone - Support pour clés - Organiseur de montre - Cadeau pour homme - Cadeau d'anniversaire - Cadeau de Noël pour papa, anniversaire, table de COG: 6,36 / Price: 27,99";"B09PNKKS78";"PP0001GS";"";"";"";"";"";"";"";"";"";"";"";"";"-";"";"";"";"";"";"";"";"";"";"";"";"";"";"25";"";""
"Northstar Gun Rack Support mural Hold Up Displays Horizontal Gun Rack and Shotgun Hooks Store All Rifle Shotgun Real Hardwood (Marron) Visitez la boutique Northstar COG: 10,14 / Price: 27,8";"B09J8W13DK";"EG-RY08-XTU8";"";"";"";"";"";"";"";"";"";"";"";"";"-";"";"-0,19";"";"";"";"-0,19";"-0,19";"-0,19";"";"";"";"81 966";"";"";"";""
"Amazon.pl";"";"";"18";"1";"556,92";"-2,38";"-16,17";"-16,17";"";"";"";"";"";"5,56";"";"-24,83";"-66,12";"-115,4";"-98,64";"";"233,38";"190,89";"447,42";"-42,49";"34,28";"165,42";"60 627";"2,90";"1 048";"1,72";"30,94"
"Drewniany telefon stacja dokująca uchwyt na klucze portfel stojak zegarek organizer mężczyźni prezent mąż żona rocznica tata urodziny stolik nocny torebka ojciec ukończenie szkoły męski pomysł COG: 6,12 / Price: 34,12";"B08YJR9HDL";"PP0005";"4";"";"136,87";"";"-0,18";"-0,18";"";"";"";"";"";"";"-";"";"-16,7";"-24,48";"-25,59";"";"69,92";"69,92";"119,99";"";"51,08";"285,62";"15 535";"0,13";"739";"0,54";"34,22"
"Drewniana deska do steków 35 x 25 cm lite dębowe serwowanie talerz do grilla naturalny gruby talerz do krojenia trwały i wysokiej jakości COG: 4,73 / Price: 23,76";"B08YKGCV8F";"KB0002";"3";"";"71,24";"-2,38";"-0,16";"-0,16";"";"";"";"";"";"";"-";"";"-10,03";"-14,19";"-12,87";"";"31,61";"31,61";"58,67";"";"44,37";"222,76";"1 312";"0,22";"13";"23,08";"23,75"
"Drewniany telefon stacja dokująca uchwyt na klucze portfel stojak zegarek organizer mężczyźni prezent mąż żona rocznica tata urodziny stolik nocny torebka ojciec ukończenie szkoły męski pomysł COG: 6,12 / Price: 34,15";"B08YJ5Y672";"PP0006";"2";"";"68,46";"";"-0,12";"-0,12";"";"";"";"";"";"";"-";"";"-8,63";"-12,24";"-12,80";"";"34,67";"34,67";"59,71";"";"50,64";"283,25";"15 535";"0,18";"40";"5,00";"34,23"
"Northstar Drewniana stacja dokująca do telefonu z szufladą – solidny organizer na biurko i stolik nocny z drewna jesionowego, stojak do ładowania telefonu, uchwyt na telefon przy łóżku, tacka na portfel COG: 9,51 / Price: 36,56";"B0DQQCZGLP";"PPD007";"2";"";"73,06";"";"";"";"";"";"";"";"";"";"-";"";"-6,96";"-19,02";"-13,66";"";"33,42";"33,42";"66,1";"";"45,74";"175,71";"60 627";"";"29";"6,90";"36,53"
"Northstar Drewniana stacja dokująca do telefonu dla mężczyzn – organizer na biurko lub stolik nocny – prezent urodzinowy dla mężczyzn, ojców – pomysł na rocznicę od żony – uchwyt na klucze, stojak COG: 6,12 / Price: 30,66";"B0FGJXKQFB";"PP0013";"2";"";"61,28";"";"-1,77";"-1,77";"";"";"";"";"";"";"-";"";"-7,6";"-12,24";"-11,46";"";"28,21";"28,21";"51,91";"";"46,03";"230,47";"30 969";"2,89";"32";"6,25";"30,64"
"Ręcznie wykonany kubek do piwa z drewna dębowego Naturalny i przyjazny dla środowiska kubek ze stali nierdzewnej 0,6 litra 20 uncji Beczka brązowa COG: 6,54 / Price: 23,51";"B01LNOBGRM";"3I-GOR9-I5Y7";"1";"";"23,56";"";"-8,51";"-8,51";"";"";"";"";"";"";"-";"";"-4,13";"-6,54";"-4,41";"";"-0,03";"-0,03";"10,92";"";"-0,13";"-0,46";"27 872";"36,12";"61";"1,64";"23,56"
"Northstar Wiking Kufel 0,6L – Drewniany kufel do piwa z grawerunkiem Drzewa Życia – Prezent piwny, Wiking Kielich, Średniowieczny Kufel, Kufle do piwa, Prezent dla miłośników piwa, Prezent na Dzień Ojca COG: 7,01 / Price: 26,85";"B0CP2C594Q";"BMP0010";"1";"1";"26,99";"";"-0,31";"-0,31";"";"";"";"";"";"100,00";"";"-24,83";"-4,32";"-7,01";"";"";"-9,48";"-9,48";"-2,47";"";"-35,12";"-135,24";"37 295";"1,15";"15";"6,67";"26,99"
"Northstar Drewniany organizer na biurko do stacji dokującej do telefonu, prezenty dla mężczyzn, ojców, dla niego, na rocznicę, urodziny, prezent świąteczny, stojak na klucze dla mężczyzn, chłopaka, taty COG: 6,12 / Price: 33,84";"B09FSZYGB4";"PP0007";"1";"";"34,28";"";"-0,51";"-0,51";"";"";"";"";"";"";"-";"";"-4,62";"-6,12";"-6,41";"";"16,62";"16,62";"29,15";"";"48,48";"271,57";"8 462";"1,49";"30";"3,33";"34,28"
"Drewniana deska do steków, 30 x 20 cm, deska do krojenia z litego dębu, trwała deska do serwowania burgerów, sera, grilla, gruby talerz na mięso, naturalna deska do krojenia, talerz do steków (mała) COG: 8,85 / Price: 29,13";"B07QS323RP";"5L-OS15-NL0S";"1";"";"29,26";"";"-0,04";"-0,04";"";"";"";"";"";"";"-";"";"-3,82";"-8,85";"-5,47";"";"11,08";"11,08";"25,4";"";"37,87";"125,20";"1 312";"0,14";"6";"16,67";"29,26"
"Wieszak na broń do montażu na ścianie Poziomy stojak na broń i haki do strzelby Sklep Karabin Łuk strzelby Wieszak z prawdziwego twardego drewna Rozwidlony (Wenge) COG: 4,71 / Price: 31,78";"B09QMLXZ27";"ARBI01";"1";"";"31,92";"";"";"";"";"";"";"";"";"";"-";"";"-12,27";"-4,71";"-5,97";"";"8,97";"8,97";"19,65";"";"28,10";"190,45";"15 512";"";"11";"9,09";"31,92"
"Northstar Drewniana stacja dokująca do telefonu z szufladą, organizer na stolik nocny, organizer na biurko dla męża, prezenty urodzinowe dla mężczyzn, taty, pomysł na rocznicę, stojak na klucze, zegarek COG: 10,62 / Price: 34,82";"B0F2T5SPFZ";"PPD004";"";"";"";"";"";"";"";"";"";"";"";"";"-";"";"21,68";"";"";"";"21,68";"21,68";"21,68";"";"";"";"54 884";"";"";"";""
"Ręcznie robiony kubek do piwa drewno dębowe kubek ze stali nierdzewnej naturalny ekologiczny drewniany kufel 0,6 l 590 ml klasyczny brązowy (retro 590 g / 0,6 l) COG: 6,59 / Price: 25,85";"B01LYB4PKO";"69-YT0R-2WCS";"";"";"";"";"-0,73";"-0,73";"";"";"";"";"";"";"-";"";"";"";"";"";"-0,73";"-0,73";"-0,73";"";"";"";"";"";"11";"";""
"Northstar Kubek do piwa 590 ml – kubek wikingów – kufel do piwa – drewniany kubek do piwa – ręcznie robione prezenty dla mężczyzn, Dzień Ojca, Boże Narodzenie, prezenty urodzinowe, nordyckie i celtyckie COG: 7,59 / Price: 27,02";"B0CN1J44VC";"BM0010";"";"";"";"";"-2,46";"-2,46";"";"";"";"";"";"";"-";"";"";"";"";"";"-2,46";"-2,46";"-2,46";"";"";"";"";"";"16";"";""
"Northstar Kufel do Piwa Viking dla Mężczyzn - 0,6 Litra, 590 ml, Ręcznie Wykonany Kubek z Drewna Dębowego, Autentyczny Design, Prezent Świąteczny, Urodzinowy dla Mężczyzn COG: 7,44 / Price: 27,1";"B0BRSMB6M9";"BMT003";"";"";"";"";"";"";"";"";"";"";"";"";"-";"";"";"";"";"";"";"";"";"";"";"";"";"";"8";"";""
"Northstar Deska do serwowania steków, drewno dębowe, 30 x 20 cm (średnia) – płyta do serwowania steków/deska do krojenia z litego drewna / deska drewniana do kuchni i przyborów kuchennych COG: 3,5 / Price: 19,77";"B0B1DMS4YK";"KB0001";"";"";"";"";"";"";"";"";"";"";"";"";"-";"";"-0,52";"";"";"";"-0,52";"-0,52";"-0,52";"";"";"";"59 784";"";"8";"";""
"Northstar Drewniana deska do steków, 16 x 12 cm, deska do serwowania steków, deska do krojenia z litego dębu, deska do krojenia steków, naturalna deska do krojenia (bardzo duża) COG: 6 / Price: 35,39";"B09RX2WX88";"KB0003";"";"";"";"";"";"";"";"";"";"";"";"";"-";"";"-0,55";"";"";"";"-0,55";"-0,55";"-0,55";"";"";"";"1 312";"";"1";"";""
"Drewniana stacja dokująca do telefonu uchwyt na klucze portfel stojak na zegarek organizator prezent dla mężczyzny mąż żona rocznica tata urodziny szafka nocna torebka ojciec ukończenie szkoły COG: 6,12 / Price: 32,22";"B08YJLRHKX";"PP0004";"";"";"";"";"-0,23";"-0,23";"";"";"";"";"";"";"-";"";"-0,89";"";"";"";"-1,12";"-1,12";"-1,12";"";"";"";"35 298";"";"4";"";""
"Drewniana stacja dokująca do telefonu uchwyt na klucze portfel stojak na zegarek organizator prezent dla mężczyzny mąż żona rocznica tata urodziny szafka nocna torebka ojciec ukończenie szkoły COG: 12,78 / Price: 32,31";"B07VC6GXYT";"SQ-H3G9-2L92";"";"";"";"";"";"";"";"";"";"";"";"";"-";"";"-0,46";"";"";"";"-0,46";"-0,46";"-0,46";"";"";"";"35 298";"";"6";"";""
"Northstar 2er Set Holz Waffenhalterung Wand Braun Gewehr Wandhalterung 17x12x4,5 cm - Gewehrhalter Wand, Waffenhalter Langwaffen, Gewehr Halterung aus Hartholz für Waffenlagerung und Ausstellung COG: 4,48 / Price: 29,45";"B09J8W13DK";"UG-Y4LX-G244";"";"";"";"";"";"";"";"";"";"";"";"";"-";"";"";"";"";"";"";"";"";"";"";"";"";"";"";"";""
"Stojak na broń Uchwyt ścienny Wyświetlacze poziomy Stojak na broń i haczyki do strzelby Przechowuj dowolny karabin Strzelba Miecz szabla i łuk Prawdziwe drewno liściaste COG: 4,48 / Price: 29,19";"B0B6WC5SST";"Y4-OT79-ACBA";"";"";"";"";"";"";"";"";"";"";"";"";"-";"";"-2,32";"";"";"";"-2,32";"-2,32";"-2,32";"";"";"";"27 219";"";"";"";""
"Northstar Wiking kufel 0,6L – drewniany kufel do piwa z grawerunem Drzewa Życia – prezent piwny, wiking kielich, średniowieczny kufel, kufle do piwa, prezent dla miłośników piwa, prezent na Dzień Ojca COG: 7,01 / Price: 26,93";"B0CN6XQ611";"BMP0009";"";"";"";"";"-0,48";"-0,48";"";"";"";"";"";"";"-";"";"-3,98";"";"";"";"-4,46";"-4,46";"-4,46";"";"";"";"48 186";"";"8";"";""
"Northstar Drewniana stacja dokująca do telefonu dla mężczyzn, organizer na biurko lub szafkę nocną, prezenty urodzinowe dla mężczyzn, taty - pomysł na rocznicę od żony - uchwyt na klucze, portfel stojak COG: 6,36 / Price: 30,7";"B09PNKKS78";"PP0001GS";"";"";"";"";"-0,67";"-0,67";"";"";"";"";"";"";"-";"";"";"";"";"";"-0,67";"-0,67";"-0,67";"";"";"";"";"";"10";"";""
"Northstar 2er Set Holz Waffenhalterung Wand Braun Gewehr Wandhalterung 17x12x4,5 cm - Gewehrhalter Wand, Waffenhalter Langwaffen, Gewehr Halterung aus Hartholz für Waffenlagerung und Ausstellung COG: 10,14 / Price: 32,8";"B09J8W13DK";"EG-RY08-XTU8";"";"";"";"";"";"";"";"";"";"";"";"";"-";"";"";"";"";"";"";"";"";"";"";"";"";"";"";"";""
"Northstar 2er Set Holz Waffenhalterung Wand Braun Gewehr Wandhalterung 17x12x4,5 cm - Gewehrhalter Wand, Waffenhalter Langwaffen, Gewehr Halterung aus Hartholz für Waffenlagerung und Ausstellung COG: 10,14 / Price: 25,14";"B09J8W13DK";"DC-9UBV-6D8X";"";"";"";"";"";"";"";"";"";"";"";"";"-";"";"";"";"";"";"";"";"";"";"";"";"";"";"";"";""
